id,count,value
180562885329138_1637244709660941,12480,homem e preso apos estuprar enteada menor de idade por seis anos em depoimento mae da vitima admitiu que sabia o que estava acontecendo mas tinha medo de denunciar a policia
180562885329138_1634888139896598,353,nova regra de bagagem da latam comeca a valer nesta quintafeira companhia muda a cobranca por excesso de bagagem e passa a cobrar pelo despacho da segunda mala cobranca do despacho da primeira mala sera implementada em ate  dias
180562885329138_1634067443312001,268,menores sao encaminhados para internacao apos se entregarem por suspeita de estupro coletivo dois suspeitos do crime foram enviados para um centro de internacao para menores infratores do departamento geral de acoes socioeducativas
180562885329138_1633900426662036,299,ons descarta risco de desabastecimento mas afirma que conta de luz ficara mais cara diretorgeral da aneel adiantou que consumidor pagara tarifa extra ate novembro orgao estuda realizar campanha de consumo consciente de energia
180562885329138_1633811973337548,35466,mulher na pb denuncia agressao de excompanheiro e delegado pergunta se nao foi o guardaroupa vitima solicitou medida protetiva contra o excompanheiro mas o delegado nao concedeu por acreditar que mulher nao corria risco
180562885329138_1632908856761193,1164,suspeito de atirar e atropelar a exnamorada se apresenta a policia e e preso em franca crime aconteceu no dia  de abril mas prisao so foi efetuada nesta tercafeira  vitima foi baleada seis vezes e atropelada em seguida
180562885329138_1631314613587284,257,ministro de energia espera que samarco volte a operar no o semestre empresa esta paralisada desde  quando barragem rompeu e provocou desastre ambiental em mariana  fernando coelho filho disse que trabalha pessoalmente para liberar operacao
180562885329138_1629190630466349,1742,latam cobrara a partir de r  por mala despachada regras mudam dia  de maio empresa anunciou em marco que cobraria r  mas reduziu preco apos concorrentes informarem valores a partir de r  pela mala despachada em voo nacional
180562885329138_1629009430484469,212,lei da gorjeta entra em vigor neste sabado e divide opinioes de funcionarios famosa caixinha entrara na folha de pagamento de garcons e outros trabalhadores nada muda para o cliente e pagamento dos  continua sendo opcional
180562885329138_1628268680558544,217,video mostra suspeito debochando de vitima enquanto aplica golpe do cartao de credito imagens foram divulgadas pela policia civil do rio grande do sul e mostram parte de uma gravacao feita por um dos investigados
180562885329138_1624963250889087,771,crivella nomeou  comissionados com supersalarios veja levantamento chefe de gabinete e secretaria de fazenda estao entre os que recebem acima do teto de r  mil pratica e permitida pela lei prefeitura ressalta que cortou em r  milhoes despesas com encargos
180562885329138_1624361497615929,536,suspeito de estupro coletivo que se entregou nesta segunda e reconhecido pela vitima delegada  afirmou que a policia esta em contato com o mp e com o judiciario para definir se ele sera apreendido ja que nao houve flagrante
180562885329138_1623890190996393,258,menor suspeito de participar de estupro coletivo no rj se entrega morador de comunidade na baixada fluminense ele temeria represalia do trafico local em caso de operacao policial no local jovem se apresentou com a mae em um forum
180562885329138_1620043241381088,1383,gol comeca cobranca de bagagem despachada em  de junho o preco da primeira mala despachada em voos nacionais sera de r  para clientes que comprarem o servico pela internet ou r  para quem fizer a opcao no balcao do check in
180562885329138_1618470258205053,4729,tribunal dispensa lula de comparecer aos depoimentos de  testemunhas de defesa advogado do expresidente recorreu de decisao do juiz sergio moro que exigia a presenca dele nas respectivas audiencias dentro de investigacao da operacao lava jato
180562885329138_1618148161570596,222,entenda o calculo da aposentadoria pelo texto aprovado na comissao da camara relatorio do deputado arthur maia  foi aprovado por  votos a  veja simulacoes para cumprir os requisitos da aposentadoria pelo inss e para servidores publicos
180562885329138_1617335568318522,529,presos em conflito com grupo antiimigracao sao soltos em sp apos audiencia na justica nenhum deles foi indiciado mas poderao ser investigados caso o ministerio publico entenda que ha necessidade dois palestinos terao que cumprir medidas cautelares
180562885329138_1617297824988963,534,exministro jose dirceu deixa complexo medicopenal na regiao metropolitana de curitiba exministro teve a prisao preventiva revogada pela segunda turma do supremo tribunal federal  ele segue para brasilia em endereco mantido sob sigilo a pedido da defesa
180562885329138_1616447935073952,643,deltan dallagnol diz que decisao de soltar jose dirceu e incoerente pelas redes sociais procurador que integra a forcatarefa da operacao lava jato disse que teme pela soltura de outros presos ministro classificou postura de procuradores como brincadeira quase juvenil
180562885329138_1616331418418937,25,tercafeira  de maio de boa noite aqui estao as principais noticias para voce terminar o dia beminformado
180562885329138_1613752235343522,1340,ficaram ofendidos porque eram cobrados diz medica sobre quem a denunciou por mortes em uti virginia de souza foi inocentada por juiz que analisou a denuncia do ministerio publico
180562885329138_1613487902036622,1425,temer diz que pais continua a trabalhar com ou sem protestos presidente afirmou que contestacoes as reformas trabalhista e da previdencia sao tipicas da democracia ele participou em sao paulo de cerimonia de inauguracao da casa do japao
180562885329138_1613186725400073,154,apos liberacao da justica empresas aereas ainda nao tem previsao para comecar cobranca extra de bagagens pela nova regra companhias podem cobrar taxas adicionais por bagagens despachadas em voos nacionais e internacionais hoje servico esta embutido no preco da passagem
180562885329138_1613014168750662,3331,eike batista deixa bangu e vai para prisao domiciliar no rio ministro gilmar mendes do stf concedeu habeas corpus na sexta  para soltar empresario que devera cumprir  medidas cautelares em sua casa no jardim botanico veja quais
180562885329138_1612309545487791,178,justica derruba liminar que suspendia cobranca extra de bagagens em avioes pela nova regra companhias aereas podem cobrar taxas adicionais por bagagens despachadas em voos nacionais e internacionais hoje servico esta embutido no preco da passagem
180562885329138_1609326715786074,158,em  meses de cortes predios publicos no centro do df elevam gasto com agua lista de esbanjadores inclui senado camara e pgr racionamento em areas nobres comecou em fevereiro ministerio do meio ambiente stf e caesb passaram a poupar
180562885329138_1609196452465767,5446,com direito a  meses de ferias vereadores de cidade do rn trabalharao apenas  dias no ano vereadores de poco branco so tem sessao uma vez por semana e a cada dois meses de trabalho ganham um mes de descanso
180562885329138_1608547385864007,23,quartafeira  de abril de boa noite aqui estao as principais noticias para voce terminar o dia beminformado
180562885329138_1608371912548221,5350,confira o que pode mudar com a reforma trabalhista as alteracoes mexem em pontos como ferias jornada remuneracao e plano de carreira alem de implantar e regulamentar novas modalidades de trabalho
180562885329138_1606685966050149,9789,condenada pela morte de isabella nardoni anna jatoba pede para ir ao semiaberto ela cumpre pena em regime fechado em tremembe  defesa diz que ela ja cumpriu tempo minimo de prisao para ter direito ao beneficio
180562885329138_1601262046592541,534,mp contesta absolvicao da medica acusada de matar pacientes no pr a medica virginia de souza era acusada de matar sete pacientes casos aconteceram entre  e  no hospital evangelico de curitiba
180562885329138_1599947846723961,4618,juiz inocenta medica acusada de matar pacientes em uti de hospital em curitiba a medica virginia soares de souza foi acusada por ter supostamente abreviado a vida de oito pacientes no hospital evangelico
180562885329138_1599895883395824,4825,petrobras decide aumentar preco da gasolina e do diesel valor da gasolina vai subir em media  nas refinarias do diesel  a partir desta sextafeira
180562885329138_1599469800105099,51, cobertura completa das ultimas noticias de economia mercado bolsa e dolar
180562885329138_1599092143476198,557,veja simulacoes da aposentadoria com as mudancas feitas pelo relator texto do relator preve idade minima progressiva ate chegar a regra geral de   anos para mulheres e de  anos para homens
180562885329138_1598285480223531,2421,veja os principais pontos da proposta de reforma da previdencia texto do relator preve idade minima de  anos para mulheres e de  anos para homens na regra geral de aposentadoria
180562885329138_1596408553744557,2371,adolescentes denunciam que foram assediadas por professor em escola uma das adolescentes diz que docente insinuou querer favores sexuais por ter dado nota extra a ela conversas em rede social mostram homem tentando aliciar garotas
180562885329138_1596259847092761,809,relator propoe idade minima de  anos para mulher se aposentar deputado arthur maia relator da reforma da previdencia divulgou esboco do seu parecer nesta manha proposta sera apresentada formalmente na quartafeira  e podera ser alterada
180562885329138_1596213327097413,812,quem e steve stephens o autoproclamado monstro procurado nos eua por assassinato transmitido pelo facebook policia caca homem de  anos que culpa mae e exnamorada por sua raiva acumulada e problemas com jogos de azar
180562885329138_1594690527249693,2116,como vivem os delatores que entregaram esquema de corrupcao conheca rotina de paulo roberto costa pedro barusco e fernando baiano condenados na lava jato e que tem o beneficio de cumprir pena em casa
180562885329138_1588936567825089,147,cabral recebeu r  milhoes de caixa dois da odebrecht para  diz delator informacao consta na colaboracao de benedicto barbosa da silva junior sobre campanha para o governo do rj em troca empresa queria favorecimento em projetos de infraestrutura
180562885329138_1589222454463167,7627,pastor e preso suspeito dar r  para menina de  anos em troca de sexo diz pm pm flagrou suspeito deixando crianca e adolescente em matagal em cuiaba adolescente de  anos disse que tambem teve relacoes com o pastor
180562885329138_1589598641092215,6194,matador da baixada sera julgado pela a vez na tercafeira veja depoimento sailson jose das gracas que disse ter assassinado  pessoas responde a  homicidios e  tentativas delegado e psiquiatras rejeitam rotulo de serial killer e ele diz que se sair da cadeia matara mais
180562885329138_1585882231463856,174,relator amplia acesso a regra de transicao da reforma da previdencia e reduz pedagio deputado arthur maia se reuniu com temer no planalto pela nova proposta qualquer trabalhador podera optar por entrar na regra de transicao  caso se aposente mais cedo recebe menos
180562885329138_1583967668321979,213,ministro da saude fala ao fantastico apos polemica com remedio chines fantastico mostrou em reportagens passadas que o brasil esta comprando um medicamento chines contra leucemia infantil sem ter conhecimento da
180562885329138_1582074085178004,947,policia do df prende em hotel homem condenado pelo estupro de enteados veterinario e professor o criminoso foi surpreendido quando daria uma palestra no local ele havia tingido o cabelo e deixado a barba crescer para nao ser reconhecido
180562885329138_1581842551867824,2437,exames com resultado normal sao desperdicio para o sus diz ministro da saude nos eua ricardo barros critica medicos que transferem responsabilidade em diagnosticos e diz que sistema de saude nao pode ser tudo para todos
180562885329138_1581822255203187,1773,ministra do stj autoriza reajuste da tarifa do bilhete integracao em sao paulo ministro humberto martins tambem do stj havia mantido decisao do tribunal de justica de sao paulo vetando o reajuste mas nesta sexta  ministra laurita vaz reverteu decisao
180562885329138_1580494782002601,8294,pastor e preso suspeito de estuprar menina de  anos para cometer o crime ele convenceu garota de que estava enfeiticada e para quebrar o feitico deveria ter relacoes sexuais com um homem de deus
180562885329138_1577026209016125,863,brasileiro e suspeito de estuprar estudante em nova orleans caso ocorreu apos palestra proferida pelo suspeito na universidade tulane
180562885329138_1575717499146996,4357,suspeito de estuprar mulher e preso em sao roque com manual para cometer abusos vigilante de  anos carregava folha de caderno onde relacionava itens para serem usados durante a pratica sexual como espermicida e lubrificante
180562885329138_1576121582439921,4636,veja o que pode mudar com emenda do projeto de lei que diz que servicos como uber nao sao privados entenda ponto a ponto projeto que vai ao senado apos passar na camara tem emenda que indica que servicos sao publicos eles ficam inviaveis sem regulacao municipal
180562885329138_1569794956405917,3375,governo autoriza reajuste de ate  no preco dos remedios os indices do reajuste anual de precos de medicamentos para  variam de  a
180562885329138_1569757649742981,1543,pms suspeitos de executar homens no rio sao presos eles foram presos em flagrante durante a madrugada desta sextafeira  enquanto prestavam depoimento na divisao de homicidios da capital
180562885329138_1568020863249993,1480,adriana ancelmo e levada para cumprir prisao domiciliar no leblon rio exprimeiradama do rj foi beneficiada por liminar concedida pelo superior tribunal de justica apartamento dela nao pode ter linhas telefonicas nem acesso a internet
180562885329138_1567982163253863,541,governo corta r  bi em gastos e eleva imposto sobre folha de pagamento de empresas objetivo da equipe economica e tentar fechar buraco de r  bilhoes no orcamento para atingir meta fiscal de deficit primario de r  bilhoes fixada para
180562885329138_1567679533284126,22754,camera de seguranca flagra tentativa de estupro a luz do dia em votorantim garota voltava da escola quando foi abordada por um homem no jardim karolyne e arrastada para um terreno baldio mas ela conseguiu se soltar e fugiu policia procura suspeito
180562885329138_1566426240076122,4597,avioes da gol terao mais assentos e menos espaco entre passageiros companhia vai aumentar numero de poltronas em  ate julho de  passando de  para  em  companhia aumentou espaco entre as poltronas em  das aeronaves
180562885329138_1562569770461769,489,video tire suas duvidas sobre  terceirizacao se a lei for sancionada pelo presidente michel temer havera permissao para terceirizacao de qualquer atividade
180562885329138_1561912587194154,478,filho de cabral visitou o pai fora de dias e horarios permitidos diz relatorio obtido pela globonews deputado federal marco antonio cabral esteve mais de  vezes com o pai apos prisao outros politicos tambem estiveram em bangu
180562885329138_1561760043876075,407,professor de ro e preso por fazer videos de sexo com adolescente segundo policia no celular do suspeito foram achados varios videos homem mantinha relacionamento amoroso com adolescente diz delegado
180562885329138_1560085280710218,2411,entenda o projeto de lei da terceirizacao para todas as atividades texto foi aprovado pela camara dos deputados nesta quartafeira  e vai para a sancao do presidente michel temer
180562885329138_1559221710796575,8431,governo diz que faltam r  bilhoes para fechar orcamento e deve elevar tributos anuncio foi feito apos governo reduzir de  para  a previsao de crescimento do produto interno bruto  em  o que implica arrecadacao menor
180562885329138_1558860754166004,4661,alemao que mora no aeroporto de cumbica em sp agride mulheres veja video pf informou que homem ja foi notificado a deixar o pais e sera deportado caso nao faca isso aeroporto informou nao ter poder para prender o homem
180562885329138_1556444334407646,2839,rodrigo maia diz que camara deve aprovar terceirizacao ate quartafeira projeto que regulamenta a terceirizacao foi aprovado em  no senado e desde entao aguarda votacao na camara maia se disse confiante na aprovacao de reformas na casa
180562885329138_1554876581231088,112,em tempo de racionamento no df predios publicos aumentam consumo de agua sedes do ministerio do meio ambiente e do stf estao na lista de nao poupadores burocracia e empecilho a economia diz professor da unb
180562885329138_1552877121431034,4858,parte da propina era revertida para pp e pmdb diz pf sobre fraude em carne operacao carne fraca foi deflagrada pela pf na manha desta sexta  ha  mandados judiciais para serem cumpridos em sete estados
180562885329138_1552939874758092,2775,adriana ancelmo mulher de sergio cabral vai para prisao domiciliar juiz tomou decisao para garantir direito de filhos ela esta presa desde dezembro suspeita de fazer parte do sistema de corrupcao revelado na operacao calicute
180562885329138_1550403971678349,6409,pai que estuprou filhas por  anos e engravidou uma delas e condenado tjro condenou agricultor a  anos de prisao por crimes em theobroma reu pagou para o filho registrar crianca no nome dele para ocultar o crime
180562885329138_1548723125179767,158,agu recorre de decisao que suspendeu cobranca extra por despacho de bagagem resolucao da anac que permitia esse tipo de cobranca passaria a valer nesta terca
180562885329138_1547310521987694,198,a cobranca por despacho de bagagem em aviao e legal  pontos polemicos da medida nova resolucao da anac entra em vigor nesta tercafeira saiba o que muda e o que esta sendo questionado na justica
180562885329138_1543568592361887,1559,para gilmar mendes doar pelo caixa  e opcao das empresas em entrevista a bbc brasil presidente do tse disse que caixa  tem que ser desmistificado e que companhias optaram por doar fora da contabilidade oficial para evitar achaques
180562885329138_1543704722348274,7663,aneel admite que consumidores pagaram r  bi a mais nas contas de luz em agencia informou nesta sexta  que encargos operacionais de angra  foram incluidos indevidamente no calculo das contas de luz aneel diz que valores cobrados a mais serao devolvidos
180562885329138_1542345635817516,731,australiano que se passava por justin bieber e acusado de pedofilia gordon douglas chalmers de  anos foi detido em novembro suspeito de ter cometido crimes de pedofilia
180562885329138_1541790229206390,79,prefeitura de sp apresenta proposta para restringir acesso de pedestres ao minhocao segundo promotor cesar martins regras apresentadas pela regional da se foram aceitas nao ha cronograma para inicio da mudanca
180562885329138_1541491885902891,1795,mae diz que filha foi sequestrada e estuprada por ciumes destruida criminoso foi preso em flagrante apos agredir garota durante quatro horas mae diz que a filha foi atacada de forma premeditada pelo agressor
180562885329138_1539881189397294,16,veja  itens para nao esquecer de declarar no imposto de renda esquecimentos sao comuns e podem levar contribuinte a malha fina vendas de imoveis e fontes alternativas de renda estao na lista
180562885329138_1537757606276319,6846,decidida a segmentar servico latam cobrara por lanche e assento marcado empresa ja tomou decisao e vai implementar mudancas ao longo de  presidente da empresa diz que segmentacao viabilizara corte de  no preco de passagens promocionais
180562885329138_1537216016330478,7282,grupo faz abaixoassinado contra possibilidade do exgoleiro bruno jogar no bangu outros grupos se mobilizam nas redes sociais contra a volta dele ao futebol condenado por mandar matar e ocultar corpo de amante com quem teve filho bruno quer retomar carreira nos gramados
180562885329138_1534096569975756,2347,homem e preso por compartilhar video de estupro coletivo diz policia homem de  anos mantinha as midias no celular que foi apreendido ele aparece nas imagens com outros dois menores vitima tem  anos
180562885329138_1533731013345645,3348,goleiro bruno esta no rio com a mulher e vai pedir dna de bruninho diz defesa segundo advogado endereco do goleiro pode mudar caso ele assine contrato com algum dos nove clubes que lhe fizeram proposta
180562885329138_1533168410068572,20511,mulher tem que ganhar menos porque e menos inteligente diz deputado polones no parlamento europeu presidente da casa abriu investigacao que pode resultar em punicao para ultraconservador espanhola retrucou comentario machista veja video
180562885329138_1532925976759482,1360,em liberdade goleiro bruno se apresenta a justica em santa luzia apresentacao foi determinada pelo stf na decisao sobre a soltura bruno informou endereco em belo horizonte mas advogado disse que pode mudar por causa de nove propostas de trabalho em quatro estados brasileiros
180562885329138_1527115020673911,6164,folioes invadem e depredam onibus parado no meio de bloco em sp pelo menos uma janela do veiculo foi quebrada mesmo com pedidos da organizacao do agrada gregos para que folioes nao entrassem
180562885329138_1526798697372210,17302,prisao perpetua nao traria vitima de volta diz goleiro bruno apos deixar a prisao condenado a  anos pela morte de eliza samudio exjogador vai aguardar julgamento de recursos em liberdade soltura foi determinada pelo stf
180562885329138_1525989744119772,4480,marco tera bandeira amarela e cobranca extra na conta de luz informa aneel bandeira amarela foi necessaria segundo a agencia porque previsao de chuvas para o periodo esta abaixo do esperado anteriormente cobranca sera de r  a cada  kwh consumidos
180562885329138_1525951600790253,4868,goleiro bruno fernandes e solto apos seis anos e meio na prisao condenado em  a  anos e  meses de prisao pelo assassinato de eliza samudio e pelo sequestro do filho bruninho ele foi libertado por decisao de ministro do stf ele aguarda julgamento de recursos apos condenacao
180562885329138_1525750137477066,5693,procuradora sugere que embriaguez foi uma das causas de mortes na kiss advogado critica alegacao em contestacao a pedido de indenizacao pgm de santa maria diz que nao cabe voltar a opcoes tecnicas da epoca
180562885329138_1525540797498000,5290,goleiro bruno nao esperava a soltura diz advogado condenado a  anos pela morte de eliza samudio ele podera aguardar analise de recurso em liberdade
180562885329138_1524256384293108,33,receita libera programa do imposto de renda entrega da declaracao porem comeca somente a partir de  de marco
180562885329138_1523659584352788,11953,whatsapp status com imagens que somem em  horas chega ao brasil atualizacao estava disponivel para aparelhos android e ios recurso foi anunciado pelo facebook na segundafeira  e imita funcoes do snapchat
180562885329138_1523052767746803,48,receita libera programa do ir nesta quinta entrega comeca em  de marco prazo para envio da declaracao do imposto de renda de  relativo ao anobase  vai ate  de abril multa minima por atraso e de r
180562885329138_1518887074830039,1561,motorista que venceu acao trabalhista contra uber vai recorrer da decisao rodrigo leonardo ferreira tambem quer indenizacao por danos morais a justica em minas reconheceu o vinculo empregaticia entre o motorista e a uber
180562885329138_1517770708275009,7229,gol e primeira empresa aerea a anunciar cobranca por mala despachada nova regra da anac permite que empresas aereas cobrem por despacho de bagagem a partir de  de marco hoje todos passageiros podem despachar mala sem custo adicional
180562885329138_1517410741644339,2032,governo envia ao congresso texto para reduzir multa adicional em  demissoes medida faz parte de pacote para estimular a economia atualmente empregador paga ao governo  de multa adicional quando demite sem justa causa
180562885329138_1515435928508487,209,limite para financiar imovel com fgts passara a r  milhao diz meirelles ministro da fazenda disse que a reforma da previdencia e uma necessidade porque as pessoas estao vivendo mais tempo aposentadas e alguem tem que pagar por isso
180562885329138_1512288062156607,13413,foto de dupla pisando em boi durante cavalgada causa polemica na web homem e garoto posaram em pe sobre a barriga do animal em itaucu policia apura crime de abuso e maustratos pena e de ate  anos de prisao
180562885329138_1510278179024262,2863,justica de sp absolve estudante de medicina da usp acusado de estupro expolicial militar estudante de medicina ja foi processado por homicidio
180562885329138_1509473662438047,3131,stj decide que servicos de streaming como spotify e apple music devem pagar direitos autorais ao ecad tribunal entendeu que mesmo tocando no fone de uma unica pessoa cancoes via streaming sao executadas publicamente
180562885329138_1503160449736035,1069,dos aposentados nos ultimos  anos contribuiram mais de  anos para o inss reforma da previdencia proposta pelo governo fixa idade minima em  anos e exige  de contribuicao para beneficio integral texto precisa de aval do congresso
180562885329138_1502956296423117,2394,suspeito de praticar estupros em serie e preso apos  ataques em  meses crimes aconteceram no interior de sp e vitimas reconheceram tatuagens menina de  anos e uma mulher de  estao entre as vitimas do maniaco
180562885329138_1488537334531680,8182,exprefeito acusado de pedofilia no am tem pena de  anos extinta adail cumpria pena por exploracao de sexual de criancas e adolescentes juiz luis carlos valois diz que cumpre decreto presidencial
180562885329138_1487393574646056,6259,professor que estava preso toma posse como vereador e gera polemica ele responde por troca de imagens pornograficas em mococa sp a cidade ja esta sem prefeito e agora mais essa diz morador
180562885329138_1479320612120019,293,anac reajusta tarifas de embarque de voos domesticos e internacionais tarifa maxima de embarque domestico passara de r  para r  para voos internacionais valor subira de r  para r
180562885329138_1478296628889084,575,lider do mtst guilherme boulos e liberado de delegacia apos ser detido ele foi levado a uma delegacia com outro integrante do movimento apos reintegracao de posse na zona leste de sao paulo nesta terca ele ficou  horas detido
180562885329138_1476737395711674,2316,homem e preso pela a vez por atuar como falso veterinario no rs conforme a policia suspeito aplicava vacina de bovinos em cachorros homem foi detido em flagrante no sabado e policia pediu prisao preventiva
180562885329138_1472224476162966,15879,pastora que quebrou imagem de santa pede desculpa pelo video nao pensei em ofender o brasil afirmou mulher de botucatu  fieis registraram em video cerimonia em que imagens sao quebradas
180562885329138_1469161909802556,958,vale bhp e samarco pedem a prorrogacao de prazo para pagar multa de r  bilhao justica mineira condenou empresas a pagar multa para compensar danos ambientais provocados em mariana prazo inicial para deposito era  de dezembro
180562885329138_1466464353405645,1125,gasolina sobe em  estados e atinge maior valor em  ano no pais diz anp preco medio da gasolina alcancou r  o litro na semana encerrada no dia  alta do combustivel em  semanas soma  em  preco subiu
180562885329138_1464357510282996,216,seis capitais sobem tarifas de transporte publico na virada do ano reajustes em passagens comuns chegam a  empresas e prefeituras alegam que os custos subiram
180562885329138_1460675607317853,4706,preso por espancar ambulante ate a morte em sp fala ao fantastico alipio rogerio dos santos afirmou que tomou uma garrafada da vitima e reagiu policia diz que a versao do acusado e mentira
180562885329138_1458315547553859,2181,temer sanciona lei que autoriza cobranca de iss de servicos como netflix e spotify municipios e distrito federal poderao cobrar  de imposto desses servicos daqui a  dias legislacao tambem da aval para cobranca do iss em servicos de vigilancia guincho e aplicacao de tatuagem
180562885329138_1458187614233319,455,comando vai avaliar minha atitude diz pm sobre ameaca a vizinho video mostra ameaca de morte feita pelo policial em bauru  sargento diz que briga foi por causa de lixo e nao por carrinho de mercado
180562885329138_1457827740935973,3791,contas de telefone fixo e pospago vao ficar mais caras a partir de janeiro processo entre a operadora oi e o governo do rs chegou ao stf que decidiu que o icms tambem vale para valores de assinaturas de telefone decisao nao vale para prepagos
180562885329138_1456997467685667,504,balsas usadas na queima de fogos do reveillon passam por vistoria em copacabana serao  embarcacoes com  mil bombas para espetaculo de  minutos para secretario dificuldade de patrocinio nao tira brilho da festa
180562885329138_1457034444348636,1049,justica concede liberdade a prefeito eleito de osasco rogerio lins decisao se estende para outros  vereadores presos na mesma operacao soltura se dara apos fianca de r  mil para cada um e entrega de passaportes
180562885329138_1456823744369706,2855,delegado nao ve morte de ambulante no metro como crime de intolerancia luiz carlos ruas foi espancado apos tentar defender travesti e homossexual de agressores dupla foi presa e pode pegar ate  anos de prisao
180562885329138_1455850724467008,7725,testemunhas reconhecem detido como autor de espancamento de ambulante todas as pessoas chamadas pela policia confirmaram que ricardo nascimento martins e o autor do crime
180562885329138_1455589151159832,21607,arrependido diz suspeito de matar ambulante no metro de sp apos prisao ricardo nascimento martins foi preso na regiao de campinas no interior do estado ele estava escondido na casa de um amigo e foi trazido para dhpp
180562885329138_1454889837896430,1580,suspeito de agredir e matar ambulante no metro ameacou vizinha antes do crime justica pediu prisao temporaria dos dois suspeitos por  dias eles continuavam foragidos no inicio da tarde desta tercafeira
180562885329138_1452791008106313,3221,deputado apresenta projeto que torna vaquejada patrimonio cultural do ce pratica da vaquejada foi considerada inconstitucional pelo supremo governo federal tambem declarou vaquejada e rodeio patrimonio cultural
180562885329138_1450771244974956,1231,preco da gasolina sobe pela a semana e renova maior valor no ano diz anp media do preco da gasolina na bomba subiu para r  por litro apos ter avancado  na semana anterior
180562885329138_1450408381677909,3783,suspeito que tentou beijar crianca em praia de sp e indiciado por sequestro evandro santana permanece preso apos arrastar crianca para o mar crime ocorreu na ultima tercafeira  e suspeito chegou a ser agredido
180562885329138_1447694745282606,9755,camara de sp aprova aumento de mais de  de salario de vereadores salario ira subir de cerca de r  mil para r  trinta vereadores votaram a favor do aumento e onze votaram contra
180562885329138_1447591135292967,230,temer diz que valeu a pena instituir reforma no ensino medio por mp presidente deu declaracao em evento para liberar recursos para educacao para pgr medida e inconstitucional pois reforma nao pode ser feita de forma abrupta
180562885329138_1445440035508077,19784,ele nao merece perdao diz mulher agredida por marido de delegada vitima trabalhava como seguranca em clube de tres coracoes mg comerciante foi levado para presidio da cidade acusado de lesao corporal
180562885329138_1445217305530350,15390,marido de delegada agride mulher com socos e pontapes em mg vitima trabalhava como seguranca particular de um clube da cidade agressao aconteceu neste sabado  em tres coracoes
180562885329138_1443973498988064,1353,proposta que permite cobrar preco diferente no cartao opoe varejo e procon medida esta no pacote de estimulo a economia anunciado pelo governo mas ainda nao foi aprovada pratica ja ocorre no varejo mas e proibida
180562885329138_1443300405722040,3168,preco da gasolina sobe pela a semana seguida para maior valor no ano o preco medio do litro da gasolina ficou em r  cerca de  centavos mais caro que na semana anterior segundo levantamento da anp
180562885329138_1441008492617898,4358,autoridades alemas identificam homem que chutou mulher em escada de metro segundo informacoes da imprensa local suspeito seria da bulgaria
180562885329138_1440774882641259,22629,senado aprova projeto que cobra iss de servicos como netflix e spotify pela proposta servicos que disponibilizam conteudos de audio video imagem e texto por meio da internet serao tributados com aliquota de
180562885329138_1440273089358105,6966,video mostra chocante momento em que mulher e agredida pelas costas e cai de escada em berlim vitima de  anos teve um dos bracos quebrados policia deteve um suspeito de relacao com o caso
180562885329138_1439352829450131,1702,stj manda soltar prefeita de ribeirao preto presa por suspeita de corrupcao acusada por desvio de r  milhoes darcy vera  foi presa no dia  solta chefe do executivo nao podera deixar ribeirao nem ir a prefeitura
180562885329138_1438246226227458,7643,policia identifica homem que jogou cachorro por cima de portao de ong segundo delegado suspeito ia prestar depoimento nesta segundafeira  animal foi jogado na frente da ong que cuida de animais em itapetininga
180562885329138_1436469449738469,263,com reforma brasileiro vai se aposentar mais tarde e receber menos entenda g fez simulacoes criou uma calculadora e consultou especialistas para entender como a proposta enviada ao congresso pode afetar a vida do brasileiro se aprovada
180562885329138_1434081036643977,11655,camera flagra homem jogando cachorro por cima de portao animal foi jogado na frente da ong que cuida de animais em itapetininga homem fugiu enquanto funcionarios da ong ligavam para a policia
180562885329138_1434347466617334,4177,ministro do stf manda soltar acusado de matar a filha em sp ricardo najjar foi preso ha mais de um ano suspeito de ter matado a filha de  anos asfixiada marco aurelio entendeu que prisao temporaria excedeu prazo e antecipa condenacao
180562885329138_1432762433442504,96, cobertura completa das ultimas noticias de economia mercado bolsa e dolar
180562885329138_1432492083469539,550,qual o efeito da decisao do stf o artigo  da constituicao nao deixa muita d
180562885329138_1431921263526621,3020,governo retifica pec e retira pms e bombeiros de reforma da previdencia nova versao da proposta enviada nesta quarta ao congresso preve ainda que militares possam acumular aposentadorias e pensoes texto e diferente do divulgado a imprensa
180562885329138_1431386593580088,41,gabarito da segunda aplicacao do  enem  e divulgado uma questao e anulada enem de dezembro ocorreu devido as ocupacoes de locais de prova por movimentos estudantis inep divulgou respostas oficiais nesta quarta  nota final sai em janeiro
180562885329138_1431096856942395,911,mulher de cabral recebia ate r  mil de propina em escritorio segundo mpf investigadores relatam em denuncia que a advogada adriana ancelmo recebeu emissario  vezes entre  e  pagamentos eram levados em uma mochila para escritorio de advocacia no rio
180562885329138_1430489673669780,2764,justica manda prender vereador de cuiaba suspeito de estuprar enteada chico  foi denunciado a policia pela enteada de  anos de idade policia nao localizou o parlamentar em sua casa e na camara de cuiaba
180562885329138_1430483077003773,10571,reforma da previdencia exige  anos de contribuicao para aposentadoria integral proposta de mudanca nas regras previdenciarias enviada nesta segunda  ao congresso foi detalhada em entrevista coletiva pelo secretario da previdencia social marcelo caetano
180562885329138_1430093007042780,808,veja as propostas do governo temer para a reforma da previdencia social executivo federal enviou nesta segunda  ao congresso nacional uma pec com sugestoes de mudancas nas regras previdenciarias entre as quais idade minima de  anos para aposentadoria
180562885329138_1429379193780828,2540,governo anuncia proposta de reforma da previdencia com idade minima de  anos com regra de transicao serao afetados homens com ate  anos informou o presidente michel temer acrescentando que direitos adquiridos sao inatacaveis
180562885329138_1429379180447496,394,governo anuncia proposta de reforma da previdencia com idade minima de  anos com regra de transicao serao afetados homens com ate  anos informou o presidente michel temer acrescentando que direitos adquiridos sao inatacaveis
180562885329138_1427438953974852,605,gasolina cai mas segue acima da semana do o corte da petrobras estatal reduziu o preco dos combustiveis nas refinarias em  de outubro e em  de novembro reunioes para discutir valores serao periodicas
180562885329138_1426672600718154,249,primeiros a sair do enem adiado acham prova mais facil que a anterior reaplicacao da prova ocorreu por causa das ocupacoes em locais onde o exame seria aplicado  neste sabado  prova teve questoes de ciencias da natureza e ciencias humanas
180562885329138_1422709784447769,3071,procurador da lava jato diz que camara aprovou lei da intimidacao proposta preve pena de abuso de autoridade para juizes e membros do mp das  medidas originais apenas  foram mantidas com modificacoes
180562885329138_1420288458023235,5418,eduardo paes sanciona lei que proibe uber no rio de janeiro pelo texto o uso transporte de passageiros em carros particulares so pode ser feito por taxistas orgaos municipais deverao fiscalizar o servico
180562885329138_1416227418429339,590,moro diz que anistia e questionavel e estimula o desprezo a lei afirmacao foi feita no dia que os deputados iriam votar projeto de lei  proposta estabelece medidas contra a corrupcao
180562885329138_1416055961779818,3470,tse revoga prisao de garotinho mas impoe fianca de r  mil exgovernador nao podera sair de casa por mais de  dias sem avisar juiz ele e acusado de usar programa social para comprar votos em campos
180562885329138_1413007188751362,1589,exgovernador garotinho recebe alta de hospital particular no rio anthony garotinho vai cumprir prisao domiciliar no flamengo na zona sul ele foi preso por suspeita de compra de votos nas eleicoes de campos
180562885329138_1408936232491791,4620,garotinho e transferido para hospital particular na zona norte do rio exgovernador foi beneficiado por decisao da ministra luciana lossio do tse ele sera submetido a exames para saber causa de dores no peito
180562885329138_1395069117211836,8234,uber excluira pm que trabalhava como motorista e matou  em sp no sabado  ele reagiu a uma tentativa de assalto e matou os suspeitos  empresa afirma que porte de armas e proibido durante as viagens
180562885329138_1386938231358258,1455,jovem que espancou ex em bar se entrega na delegacia em marilia ele estava foragido desde tercafeira quando foi determinada a prisao   vitima foi agredida com socos chutes e joelhadas em alvaro de carvalho
180562885329138_1386036128115135,7346,imagens de agressao de jovem serao usadas como prova diz policia vitima foi agredida pelo excompanheiro com socos e joelhadas como nao houve flagrante o rapaz nao foi preso em alvaro de carvalho
180562885329138_1385308651521216,2540,petrobras reduz subsidio do gas de cozinha que podera ficar mais caro mudanca nos contratos comecou a valer nesta tercafeira  distribuidoras perderam subsidios podera haver repasse ao consumidor
180562885329138_1385121314873283,15920,projeto de lei preve salario vitalicio de r  mil para vereadores do rio proposta e do vereador joao cabral  e deve ser votada nesta terca medida vale para funcionario publico com tres mandatos consecutivos
180562885329138_1379017512150330,3900,youtuber pede desculpas apos cuspir na boca de gato eu sei que errei internautas criticaram video feito pela viih tube e alegaram maustratos nunca mais vou fazer uma brincadeira deste tipo diz jovem de sorocaba
180562885329138_1374848229233925,1863,video mostra ladroes furtando celular e carteira em viaduto no centro de sp jn flagrou gangue atacado pedestres no viaduto santa ifigenia celulares representam  dos objetos furtados em sao paulo
180562885329138_1365165903535491,2725,defesa pede indulto humanitario para roger abdelmassih deixar a prisao para justica roger cometeu  ataques sexuais contra  mulheres defesa alega que medico condenado esta muito doente
180562885329138_1360057257379689,6877,juiza do pa que manteve menina em cela masculina e punida pelo cnj clarice maria de andrade nao podera exercer profissao por  anos juiza alegou que havia delegado funcao diz cnj
180562885329138_1357349660983782,3119,video mostra agressao a morador de rua no centro de sao paulo imagens mostram homem de terno chutando morador de rua na republica homem registrou cena com celular e publicou no facebook
180562885329138_1354338994618182,9604,vim pedir perdao pela violencia diz suspeito de agressao em briga de rua briga foi no dia  de setembro policia soube apos video circular na web mae diz que filho tem que pagar pelo erro e que ela nao entende o motivo
180562885329138_1353932994658782,686,greve de bancarios da caixa continua em capitais de  estados sindicatos regionais realizaram assembleias nesta quinta varios estados aceitaram proposta dos bancos de reajuste salarial de
180562885329138_1353549621363786,965,vereador defende agressao contra mulheres e gera revolta na web marcelo  de paraibuna diz que algumas mulheres merecem apanhar comentario foi feito em discussao na postagem contra o atual prefeito eleito
180562885329138_1352799278105487,1004,reclamacoes contra bancos crescem  em meio a greve dos bancarios maiores bancos tiveram  mil queixas em setembro no site reclame aqui reclamacoes sobre fgts estao entre as principais diz diretor do site
180562885329138_1348266651892083,12,ibope votos validos joao leite tem  kalil  delio e rodrigo margem de erro e de  pontos pesquisa foi realizada entre  e o segundo ibope joao leite e kalil devem disputar o turno
180562885329138_1346836618701753,2218,apos cinco dias pai que matou filhos sai da uti e vai para a enfermaria zootecnista matou filhos de  e  anos e tentou suicidio em rio preto segundo o hospital ele esta estavel em um quarto do sus
180562885329138_1345889388796476,283,ladroes picham numero de vezes que furtaram a mesma escola no ap instituicao foi furtada pela a vez na madrugada desta quintafeira   vez roubando  diz mensagem em parede de escola em macapa
180562885329138_1345171592201589,672,justica absolve empresario condenado por torturar enteada desembargadores entenderam que ele e a esposa nao cometeram crime mae continua em aracatuba  e esta com a guarda da filha
180562885329138_1344695382249210,287,justica obriga prefeitura de sp a limitar carros do uber nas ruas decisao diz que decreto publicado em maio gerou condicoes desiguais administracao municipal nao informa numero de veiculos operando
180562885329138_1344051555646926,7450,bancarios decidem manter a greve apos reuniao terminar sem acordo greve completou  semanas e ja e mais longa que a do ano passado uma nova rodada de negociacoes foi marcada para quartafeira
180562885329138_1341915075860574,630,alemaes sao detidos no df por injuria racial e assedio apos confusao em bar um alemao apalpou nadegas e outro xingou  pessoas de macaco diz vitima estrangeiros foram liberados denunciado por injuria pagou fianca de r
180562885329138_1341908552527893,6439,justica absolve empresario condenado por torturar enteada desembargadores entenderam que ele e a esposa nao cometeram crime mae continua em aracatuba  e esta com a guarda da filha
180562885329138_1340433369342078,1029,gasolina esta mais cara no brasil do que no exterior ha  meses preco na refinaria esta  acima do internacional aponta consultoria petrobras estuda nova politica de precos e reducao no preco da gasolina
180562885329138_1333590750026340,1683,suspeito de matar catador com flecha em sp esfaqueou homem em denis young kim foi detido ha  anos por tentativa de homicidio na quinta ele foi preso pelo assassinato de carroceiro no centro de sp
180562885329138_1332540396798042,74,pm diz que liberou capitao infiltrado por falta de indicios em acoes ilicitas oficial do exercito e suspeito de armar emboscada para deter  ativistas pm nao levou willian botelho ao deic com manifestantes fora temer
180562885329138_1331684650216950,4496,escultura de areia em copacabana e destruida por agentes da seop argumento era que licenca de artista estava vencida prefeitura pediu desculpas e afirma que vai dar curso a escultores
180562885329138_1332178476834234,1741,policia prende suspeito de matar catador de material com flecha ademir ribeiro pontes de  anos levou uma flechada no pescoco denis young kim foi levado a uma delegacia e negou o crime
180562885329138_1331633583555390,621,coronel da pm flagrado com menina de  anos e acusado tambem de desvio de verba publica pedro chavarry teria se apropriado de dinheiro recebido do governo estadual para pagamento de diversos tipos de beneficios devidos a militares no rio
180562885329138_1331152643603484,2462,atendente diz que coronel ja tinha ido a lanchonete com criancas nuas ela vai pedir para entrar em programa de protecao a testemunhas  advogado de pedro chavarry diz que seu cliente alega inocencia
180562885329138_1330086467043435,3663,analista de sistemas e preso por suspeita de pedofilia no rio homem tinha mais de  videos de criancas em seu computador gabriel augusto andrade  foi preso em condominio de luxo na barra
180562885329138_1329646297087452,4392,mae diz que nao sabia que filha de  anos seria entregue a coronel no rio ela prestou depoimento a policia e negou ter dificuldades financeiras pedro chavarry de  anos e suspeito de pedofilia em posto de gasolina
180562885329138_1328900773828671,2716,policia procura possiveis vitimas de coronel da pm suspeito de pedofilia delegada que apura o caso pediu informacoes ao disquedenuncia  uma arma foi apreendida na casa do oficial da pm nesta segundafeira
180562885329138_1328777960507619,641,cidade italiana afetada por tremor quer processar charlie hebdo por charges uma das charges mostra vitimas como tipos de massa tremor do dia  de agosto deixou quase  mortos na italia
180562885329138_1328703333848415,1662,policia prende suspeita de entregar crianca a coronel preso por pedofilia ela teria ido buscar celular em casa e deixou crianca com oficial mae deve ser ouvida nos proximos dias
180562885329138_1328033470582068,3390,coronel reformado da pm e preso por suspeita de pedofilia no rio segundo a pm oficial estava com crianca de  anos nua e tentou suborno ele respondera pelos crimes de estupro de vulneravel e corrupcao ativa
180562885329138_1326591924059556,452,suposto pedofilo falou com menor na web sobre casamento diz policia em conversas obtidas pela investigacao jovem se declarou amo voce  ele que se passava por ator ate deu uma alianca para o garoto em goias
180562885329138_1326009384117810,815,promotor que chamou vitima de estupro de mentirosa no rs tira ferias pedido de ferias foi autorizado pela administracao superior do mp polemica ocorreu durante audiencia de processo contra o pai da menina
180562885329138_1325064940878921,6560,governo quer formalizar jornada diaria de ate h com limite de h semanais segundo ministro reforma trabalhista preve contrato por hora trabalhada ronaldo nogueira afirmou ainda que convencao coletiva ira definir jornada
180562885329138_1317616708290411,2150,russomanno diz que uber e ilegal e que vai vetar uso por carro particular candidato diz que codigo de transito preve servico so com placa vermelha deputado afirma ainda que pretende fazer estudo para possivel concessao
180562885329138_1315697578482324,1110,policia investiga maustratos de baba a crianca em bento goncalves rs familia flagrou em video agressao a menina de  ano e  meses a policia mulher se calou mas respondera por maustratos e lesao
180562885329138_1315473531838062,649,professor flagrado abusando de aluna de  anos durante aula esta foragido caso aconteceu em aracatuba em  pai desconfiou e instalou camera advogado do professor nao foi encontrado para falar sobre o assunto
180562885329138_1315162171869198,2856,mulher causa revolta nas redes sociais apos comentarios racistas imagens foram vistas mais de  milhao de vezes em menos de  horas voce e uma complexada por ter cabelo duro disse a mulher no video
180562885329138_1314319478620134,4170,professor e condenado a  anos de prisao por abusar de aluna em aula caso aconteceu em aracatuba em  pai desconfiou e instalou camera advogado do professor nao foi encontrado para falar sobre o assunto
180562885329138_1311671275551621,1784,ministro quer mudancas na clt que nao defendam so o empregado gilmar mendes diz que legislacao deve tambem defender empregabilidade em palestra no rio ele criticou paternalismo em questoes trabalhistas
180562885329138_1310525475666201,2781,motivacao era estuprar diz delegado sobre suspeito de invadir casas no rj segundo policia ele chegou a estuprar mulheres na frente de familiares tres mulheres violentadas e nove vitimas de roubo foram a delegacia
180562885329138_1297302136988535,988,fidel castro completa  anos regime comunista cubano celebra o aniversario do exmandatario figura onipresente na ilha ele hoje vive praticamente inacessivel
180562885329138_1294846813900734,174,boxeador marroquino respondera por tentativa de estupro em liberdade hassan saada tera que entregar o passaporte ele nao podera deixar o rio sem autorizacao nem se aproximar das vitimas
180562885329138_1291775554207860,5916,ele nao seria estrela se nao fosse por mim diz expadre sobre vanderlei cornelius horan diz que ficou com raiva ao velo acender a pira olimpica ele afirma que vanderlei nunca respondeu aos seus pedidos de desculpas
180562885329138_1289523497766399,1925,apos  estupros mp so denuncia abdelmassih por  atentado ao pudor casos de outras  vitimas prescreveram em  alegou ministerio publico em  ele foi condenado a  anos de prisao por abusos sexuais em sp
180562885329138_1288435697875179,13,veja as interdicoes no transito no rio em funcao da olimpiada nesta quinta vias de varias regioes serao bloqueadas desde o comeco da manha ha revezamento da tocha jogo no engenhao e evento na regiao portuaria
180562885329138_1284187301633352,4154,dizer peleumonia raoxis nao desmerece ninguem diz medico medico conta que brincadeira infeliz nao foi enderecada a nenhum paciente apos repercussao ele conta ter sido demitido de todos os seus empregos
180562885329138_1283961061655976,3538,sindicancia para apurar deboche de medico na web pode levar dois anos apenas ao fim da sindicancia cremesp dira se instaura processo pena varia de advertencia confidencial a cassacao do exercicio profissional
180562885329138_1279811888737560,679,governo de sp perdoa divida de r  milhoes da empresa alstom empresa francesa nao instalou sistema para diminuir intervalo dos trens alckmin nega perdao da divida prazo para entrega foi estendido para
180562885329138_1279660115419404,277,meirelles defende teto de gastos e nao descarta aumento de impostos sem teto e reforma da previdencia pais pode ter alta de impostos disse ministro da fazenda falou durante evento nesta segunda  no rio
180562885329138_1279065802145502,4284,video mostra suspeito de estupro saindo do quarto de vitima em hotel para a policia funcionario contou que fez uma copia da chave do quarto ele tentou negar o crime mas admitiu a policia apos ver as gravacoes
180562885329138_1277728248945924,41,tocha olimpica desfila neste sabado por guarulhos e abc veja trajeto inicio esta previsto para as h em guarulhos e final as h em sbc no domingo  a tocha passa pela capital
180562885329138_1274516749267074,2712,whatsapp sera bloqueado a partir das h diz sindicato de operadoras facebook se recusou a ceder informacoes para uma investigacao policial operadoras de telefonia foram notificadas para suspender acesso ao app
180562885329138_1269371046448311,1959,pastor suspeito de estuprar enteado chora e se defende em video na web felipe heiderich contou que tomou antidepressivos so queria dormir pastor disse que sua inocencia esta praticamente estabelecida
180562885329138_1267891373262945,408,mp quer que denunciados por trens parados devolvam r  milhoes mesmo com obras paradas governo de sp comprou trens para linha  segundo promotor  composicoes foram comprados por r  milhoes
180562885329138_1266853096700106,2676,filho de homem que roubou arma e matou pm e solto em goias segundo a policia pai atirou para evitar que caseiro fosse detido video mostra quando atirador pega arma do coldre e dispara assista
180562885329138_1266714666713949,2608,pastor suspeito de abuso contra enteado deixa prisao no rio justica concedeu alvara de soltura de felipe mesmo sem tornozeleiras ele foi denunciado pelo ministerio publico por estupro de vulneravel
180562885329138_1265330180185731,1558,pastor acusado de abusar de enteado no rio respondera em liberdade felipe heiderich usara tornozeleira e devera ficar longe da vitima e da mae vitima que tem  anos e filho da pastora bianca toledo mulher do
180562885329138_1261406127244803,459,dez presos na operacao boca livre sao liberados diz pf eles estavam detidos desde tercafeira  em sao paulo grupo e suspeito de desviar recursos federais em projetos da lei rouanet
180562885329138_1259921977393218,668,exprefeita de bom jardim passa a cumprir pena em regime domiciliar lidiane leite teve o uso tornozeleira eletronica substituido pelo recolhimento decisao da justica federal diz que ela deve ficar em casa durante a
180562885329138_1259756107409805,2252,homem invade festa de aniversario abusa de  criancas e e preso em mt segundo a policia ele abusou das criancas dentro do pulapula da festa suspeito alegou que estava embriagado e nao se lembrava dos abusos
180562885329138_1259392960779453,499,novas tarifas de pedagio em estradas de sp entram em vigor nesta sexta no sistema anchietaimigrantes pedagio sobe de r  para r  rodovia dos tamoios vai passar a cobrar pedagio veja precos
180562885329138_1258160517569364,748,justica federal autoriza liberacao de exministro paulo bernardo e mais juiz disse que nao tem convenio para uso de tornozeleira segundo mpf petista se beneficiou de esquema de desvio milionario
180562885329138_1258143124237770,1560,senado aprova reajuste salarial para servidores do judiciario e do mpu textos dao aumento de ate  a judiciario e  a servidores do mpu impacto neste ano sera de r  bi governo diz que ha previsao no orcamento
180562885329138_1257270647658351,2074,veja show de sertanejo em casamento que teria sido pago com lei rouanet empresario de leo rodriguez disse que nao sabia que dinheiro era ilegal imagens mostram casal subindo ao palco durante show do cantor
180562885329138_1253697171349032,674,apos deixar cadeia cervero sorri para camera em aviao assista ao video exdiretor da petrobras estava detido no parana desde janeiro de   ele vai cumprir pena em regime domiciliar em itaipava no rio de janeiro
180562885329138_1253065608078855,951,jogador jobson e preso suspeito de estuprar adolescentes no para atleta e suspeito de estuprar quatro adolescentes de conceicao do araguaia exatacante do botafogo e investigado ainda por um quinto caso de estupro
180562885329138_1253102841408465,173,promotor que citou melhor parte em estupro nega desrespeito em prova em nota alexandre couto joppert disse que frase nao teve intencao de menosprezar vitimas expressao foi usada em prova de concurso publico
180562885329138_1252242298161186,1400,exercito diz que onca morta nao era protagonista de tour da tocha no am exercito disse que juma participou de revezamento por coincidencia cma nega que onca estaria estressada por conta do evento da tocha
180562885329138_1251534808231935,933,lutador e preso no am por espancar namorada e alega legitima defesa bruno augusto almeida foi preso apos se apresentar a delegacia da mulher em depoimento ele alegou defesa e disse que briga iniciou por ciumes
180562885329138_1251417841576965,7728,erramos diz rio  apos morte de onca presente em tour da tocha animal que participou de evento no am escapou e foi morto por militares cena contraria nossas crencas e valores disse organizacao de jogos
180562885329138_1250974284954654,1254,juiza nega indenizacao apos abuso no metro e diz que mulher nada fez suspeito foi detido em vagao de trem na linha vermelha de sao paulo advogada de passageira diz que vai recorrer da decisao
180562885329138_1250162475035835,305,dois suspeitos da invasao a hospital no rio sao identificados policia analisa imagens de cameras do hospital pm diz que grupo tinha aproximadamente  homens
180562885329138_1247975561921193,770,falso professor de computacao e preso suspeito de estuprar  menores homem de  anos levava meninas e meninos de  a  anos para casa vitimas sofreram abuso sexual diz delegada suspeito negou a policia
180562885329138_1246639942054755,1250,medico e filmado discutindo com casal de lesbicas gay tem que matar agente de turismo e namorada denunciaram caso a policia em goiania homem disse que tinha bebido e nao lembra de ter falado em morte
180562885329138_1246605165391566,44,tce recomenda aprovacao das contas de  do governo alckmin relator diz que nao ter tido tempo para analisar prejuizo causado ao metro inflacao e economia impactaram na arrecadacao do estado apontou voto
180562885329138_1241891812529568,4781,dinheiro publico foi convertido em sapatos e roupas de grife diz mpf declaracao e sobre gastos da mulher de eduardo cunha claudia cruz mpf diz que dinheiro gasto por ela tinha origem em propina para cunha
180562885329138_1241570432561706,1438,policia prende  pessoas envolvidas no caso meninas de guarus juiza condenou  por exploracao e estupro de criancas e adolescentes  exvereadores e o exdeputado nelson nahim estao entre os presos
180562885329138_1241116082607141,1566,prefeito proibe entrada de filhos com maes desempregadas em creche video mostra mae de gemeos barrada em doresopolis mg prefeito alega contencao de gastos mais de  criancas estao impedidas
180562885329138_1241052992613450,1037,cameras filmam taxista jogando ovo em carro do uber no centro do rio imagens exclusivas do rjtv mostram momento do ataque  motorista e taxista brigaram proximo ao terminal rodoviario
180562885329138_1240773532641396,1822,vitimas de estupro vivem clausura e banda new hit espera nova sentenca prestes a completar  anos caso de violencia coletiva segue sem resolucao integrantes foram condenados mas aguardam recursos em liberdade
180562885329138_1239604749424941,571,pai gera revolta ao dizer que filho condenado por estupro pagara preco alto por ato de  minutos brock turner foi condenado a seis meses de prisao por abusar sexualmente de mulher enquanto ela estava inconsciente promotoria disse que pena nao
180562885329138_1239545049430911,563,dj e preso em sp suspeito de estuprar mulheres apos falsa oferta de trabalho homem usava rede sociais para chamar jovens que trabalham em eventos taxista tambem foi preso apos denuncia de estupro de uma passageira
180562885329138_1239155649469851,84,instagram muda para destacar posts de perfis mais curtidos por usuario fotos e videos de amigos ou contas muito curtidas serao exibidos primeiro esta e a maior mudanca no instagram desde que ele foi lancado em
180562885329138_1236807183038031,4246,professora e investigada por omissao em caso de agressao a crianca no rs cameras flagraram maustratos praticados por funcionaria em canoas caso ocorreu em creche colega sabia das agressoes diz delegado
180562885329138_1234772463241503,768,macarrao condenado no caso eliza consegue beneficio do semiaberto para ter um trabalho externo ele ainda precisa ser transferido de unidade macarrao foi condenado a  anos de prisao por homicidio qualificado
180562885329138_1232885516763531,2782,transexual crucificada usara representacao da biblia na parada gay viviany beleboni usara roupa com duas balancas que simbolizam a justica parada do orgulho lgbt comeca as h deste domingo na av paulista
180562885329138_1232496790135737,487,suspeito de envolvimento em estupro e liberado apos depoimento a policia homem que nao teve identidade divulgada foi detido em operacao da pm depois de prestar depoimento na tarde deste sabado ele foi liberado
180562885329138_1232193650166051,196,jovem vai a policia e se diz autor de video com adolescente no rio rapaz admitiu ter divulgado imagens de menor mas negou estupro vitima de  anos afirmou a policia ter sido abusada por  homens
180562885329138_1231227043596045,3014,suspeito de divulgar imagem alega que nao sabia de estupro de jovem estudante e um dos quatro que foram identificados pela policia do rio policia investiga estupro de adolescente por pelo menos  homens
180562885329138_1230712566980826,1026,ranking da ponto a aluno por tipo de mulher que  pegar durante interufg lista avalia beleza cor da pele e estado civil internautas repudiam ato segundo publicacao rapaz que ficar com um travesti sera eliminado
180562885329138_1230691693649580,6048,mulher grava video de agressao a  cadela e policia civil vai apurar o caso caso de maustratos aconteceu na quartafeira  indignados integrantes de grupo de protecao animal registraram um bo
180562885329138_1228557720529644,308,video mostra prisao de suspeito de abusar de mulher no metro de sp homem foi detido por volta das h desta segunda  na linha vermelha no mesmo horario outro suspeito foi preso em trecho diferente da linha
180562885329138_1225002194218530,49,motoristas de onibus anunciam nova paralisacao a partir das h categoria cobra reajuste acima dos  oferecidos protestos comecaram na quartafeira nos  terminais da cidade
180562885329138_1224356750949741,326,um ano apos estupro coletivo g ouve garotos condenados pelo crime g entrou no cem com autorizacao de juiz e conversou com os adolescentes crime cometido contra quatro garotas aconteceu em maio do ano passado
180562885329138_1222116417840441,1183,condenado por cotovelada fala pela a vez sobre caso fiquei em choque anderson de oliveira foi preso apos agredir auxiliar de producao em  morro de medo dele e nao perdoo diz vitima que mora em sao roque
180562885329138_1220225108029572,278,ataque hacker whatsapp gratis marco civil da internet ganha regras decreto presidencial regulamentou  das questoes mais polemicas da lei fixadas brechas a neutralidade de rede e seguranca sobre dado pessoal
180562885329138_1219409368111146,131,apos fim de multa na conta sabesp sobe tarifa da agua e esgoto em nova tarifa usa ipca como base e comeca a valer nesta quintafeira  desde  empresa arrecadou r  milhoes com tarifa de contingencia
180562885329138_1218874298164653,2464,no auditorio o laicismo ficou de fora o auditorio vereador aarao steinbruch no terreo da camara tem capacidade para  espectadores e e requisitado pelos vereadores para eventos voltad
180562885329138_1218128468239236,568,carro preto e depredado em protesto de taxistas no centro de sp ato e contra decreto de haddad que autoriza aplicativos como uber manifestantes deram socos e chutes em veiculo na av  de maio
180562885329138_1216903201695096,362,condenado por cotovelada em sao roque ganha liberdade condicional anderson de oliveira foi preso apos agredir mulher em  comerciante estava preso na penitenciaria de tremembe
180562885329138_1215719481813468,334,eu bebi e dirigi diz exdeputado carli filho sobre acidente com dois mortos caso completou sete anos neste sabado  exdeputado nao foi julgado mae de um dos jovens mortos diz que carli filho deve desculpas a sociedade
180562885329138_1212565308795552,69,cobranca de posgraduacao pode ter segunda votacao na camara em maio se aprovada pec ainda passara pelo senado associacao de posgraduandos diz que acesso sera restringido
180562885329138_1212460132139403,61,apos alta iof sobre dolar em especie ainda e mais barato que no cartao custo do imposto nas compras em especie e quase  vezes menor governo elevou aliquota de  para  a partir desta tercafeira
180562885329138_1211815118870571,863,governo sobe para  iof para compra de dolar em especie segundo ministerio da fazenda medida vale a partir desta tercafeira expectativa do governo de alta anual da arrecadacao e de r  bilhoes
180562885329138_1208766859175397,4529,ela e um monstro diz marido de professora suspeita de pedofilia professora de creche em caxias foi presa com advogado quarta segundo a policia uma das vitimas e a filha do marido da professora
180562885329138_1208474475871302,5021,homem de  anos e professora de creche sao presos por pedofilia no rio segundo a policia mulher enviava fotos e videos pela internet para suspeito  advogado e contador casado e com dois filhos nega a acusacao
180562885329138_1208467632538653,909,mtst bloqueia rodovias e avenidas em sp contra o impeachment ao menos  pontos da capital e da grande sao paulo foram bloqueados objetivo da mobilizacao e denunciar o golpe em curso no pais diz mtst
180562885329138_1208136035905146,23,stf da  dias para estados entrarem em acordo sobre dividas com uniao nesse prazo estados poderao pagar menos que o exigido pelo governo ministros comecaram a discutir com voto do relator contrario aos estados
180562885329138_1206571352728281,613,empresario envolvido em batida saiu do pais apos prisao decretada diz pf documento da policia federal mostra que ele viajou no dia  de marco ele dirigia mustang em alta velocidade em aracatuba
180562885329138_1202692966449453,262,ministro defende coexistencia de internet fixa com e sem limite de uso governo quer que operadoras assinem termo garantindo os dois pacotes ameaca de limitacao no servico vem provocando polemica
180562885329138_1201936813191735,733,assembleia deixa de analisar fraude da merenda e vota projetos religiosos deputados aprovaram criacao do dia de acao de gracas nesta terca psdb pediu novamente tempo para analisar requerimentos da merenda
180562885329138_1201594486559301,1120,por falta de quorum assembleia de sp nao analisa fraude da merenda comissao de educacao nao analisou  requerimentos sobre o tema esquema pagava propina para fraudar licitacoes e beneficiar cooperativa
180562885329138_1201503683235048,369,franquia de dados na internet fixa veja perguntas e respostas empresas passaram a vender banda larga fixa com limite no uso de dados vivo se juntou em fevereiro a net e oi que fornecem servico com controle
180562885329138_1198632743522142,469,policia investiga se foto de dinheiro com funcionario da coaf seria propina imagem mostra carlos luciano lopes com macos de dinheiro vivo defesa diz que foto e brincadeira e dinheiro era para pagar funcionarios
180562885329138_1198442796874470,199,protestos contra impeachment de dilma fecham vias de sao paulo pistas da marginal tiete foram fechadas e depois liberadas segundo a cet houve atos ainda na ponte das bandeiras na imigrantes e na av paulista
180562885329138_1196379517080798,284,sabesp vai reajustar conta de agua em  a partir de maio autorizacao para o reajuste foi dada na segunda  pela arsesp tambem em maio sabesp encerra bonus e multa da agua
180562885329138_1194860303899386,604,passageiros relatam emboscadas de taxistas ao tentar usar uber em pe estudante conta que foi ofendida ao tentar seguir em carro do aplicativo sindicato dos taxistas afirmou que nao corrobora com acoes agressivas
180562885329138_1193023500749733,958,suzane von richthofen e autorizada a fazer faculdade no interior de sp detenta pretende cursar administracao de empresas em taubate ela foi condenada a  anos por participar do assassinato dos pais
180562885329138_1191760894209327,191,multas aplicadas a taxistas durante protesto no rio sao suspensas protesto da categoria contra a uber parou a cidade no dia o de abril guarda municipal multou  taxis por infracoes diversas
180562885329138_1191571534228263,1003,nojo diz jovem que relatou em rede social abuso em onibus de curitiba estudante diz que situacao ocorreu na tarde de tercafeira  no parana ela postou foto com saia suja prefeitura afirma que esta dando
180562885329138_1190944004291016,1716,motorista que atropelou e jogou braco de ciclista tem pena reduzida estudante atirou o braco da vitima em um corrego apos o acidente decisao judicial reduziu a pena para dois anos de prisao em regime aberto
180562885329138_1190308347687915,311,suspeito de operar fraude na merenda em sp e liberado apos  dias detido marcel julio estava foragido mas se apresentou a policia na quintafeira  ele e considerado um dos principais operadores do esquema em
180562885329138_1189122394473177,22,multas de transito em sp crescem  em motoristas sofreram  milhoes de multas na capital no ano passado radares autuaram  a mais que em  por desrespeito a semaforo
180562885329138_1188662804519136,565,policial civil que agrediu comerciante iraniano em sp se aposenta investigador jose camilo leonel trabalhava na corregedoria da policia civil policial foi flagrado por cameras apontando arma dentro de loja em sp
180562885329138_1188549977863752,823,lula diz que assume casa civil na quinta se stf aprovar em ato prodilma expresidente disse que pais vive clima de odio  ele afirmou ainda esperar que michel temer aprenda sobre eleicoes
180562885329138_1188453961206687,275,trote de o de abril mobiliza policia e causa correria no centro de vitoria ciodes recebeu denuncia de assalto com refens em uma loja de moveis  segundo gerente loja ja estava fechada quando policiais chegaram
180562885329138_1187522731299810,167,manifestacao de taxistas trava o transito do rio em varios pontos lentidao chegou a  km de extensao acesso ao galeao foi fechado g flagrou varios tumultos durante a manifestacao contra o uber veja
180562885329138_1185185011533582,105,no de multas de velocidade sobe  em ano de adocao de limite de  kmh foram  milhoes em  contra  milhoes em  considerando todas as infracoes recorde chega a  milhoes de multas
180562885329138_1179983375387079,287,justica manda soltar nove presos da a fase da operacao lava jato prazo das prisoes temporarias se encerrou neste sabado  moro diz que vai encaminhar planilha da odebrecht para o stf
180562885329138_1176224139096336,515,homem e preso por fotografar por baixo da saia de mulheres veja video ele foi preso dentro de supermercado em sinop  autor das fotos compartilhava imagens das vitimas no whatsapp diz policia
180562885329138_1174037085981708,8,guia imposto de renda g explica como preencher sua declaracao instrucoes ajudam a preencher todos os campos prazo de entrega da declaracao termina no dia  de abril
180562885329138_1173851632666920,69,em liberdade suspeito de ataques racistas pede desculpas a tais araujo pedro vitor da silva alega que postagens na internet partiram de adolescentes administrador de grupo no facebook estudante foi preso em sertaozinho
180562885329138_1173676226017794,43,reu na lava jato jose carlos bumlai passa a cumprir prisao domiciliar justica converteu prisao preventiva em domiciliar devido a um cancer pecuarista foi preso na a fase da operacao em novembro de
180562885329138_1170761466309270,6306,trf derruba liminar que impedia posse de lula como ministro nesta quinta  trf ja havia suspendido outra decisao contra posse liminar poderia acarretar grave lesao a ordem disse desembargador
180562885329138_1169877626397654,64,tribunal suspende licitacao de obra de conclusao da linha  do metro sessao de abertura de propostas aconteceria nesta quintafeira tce aponta possiveis prejuizos a disputa e pediu esclarecimentos
180562885329138_1167938789924871,112,instagram passara a mostrar primeiro fotos de perfis que voce mais curte ate agora feed de fotos era organizado a partir de postagens recentes esta e a maior mudanca no instagram desde que ele foi lancado em
180562885329138_1167864936598923,24,paes nega ter furado fila em hospital no rio e diz que denuncia e politica sindicato diz que medica foi vitima de assedio moral prefeito negou grosseria dei uma bronca como cidadao
180562885329138_1167851466600270,514,dolar fecha em alta de  a r moeda dos eua avancou   apos ja ter saltado  na vespera mercado repercute chance de lula assumir ministerio
180562885329138_1164937620224988,242,policial que agrediu iraniano em sp diz que usou forca fisica necessaria jose camilo leonel foi indiciado e afirmou que sacou arma para dominalo universitaria que acionou o policial tambem foi indiciada em inquerito
180562885329138_1164220013630082,1428,suzane von richthofen e autorizada a deixar prisao em saida temporaria detenta deve sair da prisao em tremembe nesta sextafeira  esta sera a primeira vez que suzane e beneficiada com a saida temporaria
180562885329138_1163743050344445,920,na espanha juiza pergunta a vitima de abuso se ela fechou as pernas postura de magistrada foi criticada por grupo feminista ela tambem perguntou se havia fechado toda a regiao dos orgaos
180562885329138_1163657973686286,156,medico de sc suspeito de abusar de pacientes e indiciado por  estupros inquerito foi entregue ao ministerio publico na segundafeira  no total sao  vitimas policia reuniu provas para  estupros
180562885329138_1163611420357608,442,estao se achando diz vereador sobre mulheres em discurso no rs parlamentar de capao da canoa disse que mulher foi desgraca do homem video foi compartilhado nas redes sociais e causou revolta de mulheres
180562885329138_1163577443694339,117,anac propoe cancelar bilhete aereo sem custo ate  h depois da compra agencia defendeu mudancas em regras para passageiros e empresas propostas vao passar por consulta publica e depois serao votadas
180562885329138_1162903080428442,86,justica autoriza lula a ter acesso a processos que citam o nome dele expresidente foi um dos alvos da a fase da operacao lava jato defesa solicitou acesso em nome do principio da ampla defesa
180562885329138_1160252970693453,309,dilma rousseff e lula se reunem no apartamento do expresidente no abc encontro em sao bernardo do campo durou pouco mais de uma hora um dia apos depor na lava jato lula desceu para abracar simpatizantes
180562885329138_1157585637626853,1714,promotor diz que lula e marisa nao serao intimados novamente a depor segundo mpsp lula e sua mulher nao serao conduzidos coercitivamente defesa do expresidente prestou esclarecimentos por escrito ao mp
180562885329138_1157291477656269,59,receita comeca hoje a receber declaracao do imposto de renda prazo vai ate  de abril deste ano quem perder paga multa de r
180562885329138_1156953497690067,1867,defesa diz que lula e marisa nao irao comparecer para depor nesta quinta defesa do expresidente prestou esclarecimentos por escrito ao mp  lula deporia nesta quintafeira  em investigacao sobre triplex no guaruja
180562885329138_1156800371038713,559,tarifa sobe de r  para r  no metro do rio em abril reajuste foi publicado nesta segundafeira  no diario oficial onibus taxis e barcas ja tiveram aumento no inicio do ano
180562885329138_1156110011107749,1832,mugabe tem festa de us  mil em area arrasada pela seca no zimbabue comemoracao de presidente no poder ha  anos revolta oposicao lider diz que ocidente condiciona ajuda humanitaria a politica progays
180562885329138_1154845354567548,856,policial que espancou iraniano atirou em duas adolescentes em mae de jovem ferida disse que jose camilo atirou na perna da filha e amiga boletim diz que carro onde estavam jovens disparou corregedoria
180562885329138_1153428921375858,12,apos quase bater no df aviao pegou marqueteiro do pt e o levou ao pr piloto da policia federal ignorou instrucao e invadiu rota de voo da fab aeronautica investiga o ocorrido controlador interveio e evitou choque no
180562885329138_1137554836296600,20,veterinario e proibido de dar consulta gratis e caso gera indignacao na web ricardo fehr camargo atendia de graca aos sabados em sao carlos  postagem repercutiu na internet com mais de  milhoes de visualizacoes
