180562885329138_1658270394225039,112,em  h  chove quase o esperado para todo o mes de junho  diz cge capital teve   mm de chuva  media prevista para o mes de junho e de   mm
180562885329138_1656856184366460,294,cientistas descobrem planeta mais quente ja encontrado  com   mil oc nivel de radiacao estelar ultravioleta e tao alto que atmosfera esta sendo removida  descoberta foi publicada pela revista  nature
180562885329138_1651112174940861,1519,maior aviao ja construido no mundo sai de hangar nos eua aviao foi criado para colocar foguetes em orbita  aeronave tem duas fuselagens  unidas por uma asa de   metros
180562885329138_1648609615191117,18,voos sao cancelados no santos dumont devido a nevoeiro nesta terca ate as  h    tinham sido cancelados por causa da falta de visibilidade  aeroporto operava por instrumentos para pousos e decolagens
180562885329138_1648068475245231,241,gelo combustivel  a promissora fonte de energia que a china extraiu do fundo do mar imensa reserva energetica de hidratos de metano poderia substituir o petroleo e o gas natural  pais asiatico deu grande passo ao extrair grandes quantidades do composto
180562885329138_1646983462020399,5689,jovem arrisca  selfie  com cobra anaconda em rio no am  e foto viraliza postagem ja passa das   curtidas no facebook
180562885329138_1645661578819254,45,queda do sistema da british airways causa atrasos em nivel mundial e cancela voos de acordo com a empresa  nao ha indicios de que a falha tenha sido causada por ciberataques
180562885329138_1644202428965169,634,sinal de sos com pedras em regiao remota intriga policia na australia autoridades nao encontraram  qualquer vestigio de atividade humana recente  no local
180562885329138_1643200769065335,520,mulher e salva  por celular  no atentado em manchester lisa bridgett estava falando no telefone no momento da explosao  porca em alta velocidade decepou um dedo e furou sua bochecha  antes de atingir o aparelho
180562885329138_1639903942728351,11948,esmeralda gigante de   kg e achada no norte da bahia pedra foi localizada por cooperativa  na cidade de pindobacu  e vendida para minerador na regiao
180562885329138_1639032532815492,172,alpinista indiana escala o everest duas vezes em uma semana anshu jamsenpa  de   anos  chegou neste domingo   pela  a vez ao topo da montanha e estabeleceu novo recorde
180562885329138_1632211280164284,1195,asteroide que dizimou dinossauros nao poderia ter caido em pior lugar como a historia do planeta poderia ter mudado se a rocha espacial tivesse caido num local diferente
180562885329138_1632085443510201,3341,video  criatura gigante e encontrada na indonesia e moradores tentam desvendar misterio pesquisador acredita que se trata de uma baleia morta  inchada pelos gases de decomposicao
180562885329138_1629039927148086,246,caminhao cai de ponte  e motorista sobrevive a queda de quase   metros no parana acidente aconteceu na br  em telemaco borba  na noite de sexta feira
180562885329138_1629173463801399,38,veja perguntas e respostas sobre o ciberataque que afetou quase cem paises g  explica o que se sabe e o que ainda nao foi respondido em relacao ao ataque que  sequestrou  computadores ao redor do mundo nesta sexta feira
180562885329138_1628129013905844,55,o  ciberataque em massa  pode ter afetado meu computador ou celular o ataque do virus
180562885329138_1627609790624433,1479,atencao  saiam de fininho  voces estao remando ao lado de   tubaroes brancos em helicoptero  policia aconselhou pessoas que faziam stand up paddle a sair com calma da agua
180562885329138_1627019880683424,368,motociclista tem ferimentos leves apos seu corpo pegar fogo em colisao com caminhao na china video mostra acidente e resgate do motociclista
180562885329138_1626728377379241,501,descoberta de jazida de ametistas atrai centenas de pessoas a cidade no norte da bahia pedras preciosas sao extraidas na cidade de sento se  onde o quilo e comercializado por ate r    mil
180562885329138_1621762747875804,416,sucuri de aproximadamente   metros e flagrada em rodovia no acre video do animal a margem da estrada viralizou nas redes sociais  biologo diz que animal poderia estar tentando se aquecer
180562885329138_1615425135176232,964,motorista sobrevive apos carro ficar prensado entre carretas na bahia  fotos impressionam acidente aconteceu na br  trecho do distrito de jose goncalves  em vitoria da conquista  sudoeste do estado
180562885329138_1613528245365921,872,a historia da argentina que sobreviveu a tres naufragios desastrosos   incluindo o do titanic violet jessop ganhou o apelido de  miss inafundavel  e trabalhou quase a vida toda em embarcacoes
180562885329138_1611975062187906,288,aviao faz pouso de emergencia e sai na pista em aeroporto na florida voo decolou de belize e fez pouso no aeroporto de sarasotabradenton  nos eua  aeronave soltou faiscas e chegou a sair da pista
180562885329138_1608120915906654,1476,exame confirma que pedra achada em fazenda de cacapava do sul e um meteorito o objeto mede   centimetros de largura e pesa   quilos  rocha estava em fazenda na regiao central do estado ha mais de   anos
180562885329138_1607072429344836,230,jiboia de   metros e resgatada em quintal de casa em patamares o animal foi levado para o centro de triagem para animais do ibama  onde sera examinado e preparado para voltar a natureza
180562885329138_1605739809478098,2378,aos   anos  professora de ioga indiana impressiona com flexibilidade nanammal amma e a matriarca de tres geracoes de iogues e diz ter otima saude gracas a pratica diaria
180562885329138_1602604429791636,505,o estranho mamifero capaz de viver   minutos sem oxigenio de sangue frio  ele nao tem olfato e e imune ao cancer  conheca o roedor que surpreende cientistas por sobreviver com um sistema metabolico so encontrado em plantas
180562885329138_1599083256810420,3685,o vovo esta dormindo  o povo que vive com parentes mortos em casa pouca gente gosta de falar ou pensar sobre a morte  mas  em uma regiao da indonesia  os mortos participam do dia a dia da populacao
180562885329138_1599034076815338,545,cientistas criam objeto com  massa negativa  que desafia as leis da fisica fisicos criaram fluido que se move na direcao contraria a forca que o  empurrou
180562885329138_1596250927093653,7425,dona de casa descobre gravidez natural de quadrigemeos em campina grande jovem ja tem dois filhos gemeos e mora em comodo apertado atras da casa da mae
180562885329138_1596468360405243,1223,a piscina com fundo transparente a   m de altura video mostra como e caminhar dentro da agua observando os carros e pessoas la embaixo na rua  do topo de predio nos eua
180562885329138_1591238317594914,66,motociclista quase e prensado em arvore apos batida em maringa  assista motociclista teve ferimentos leves e foi atendido pelos bombeiros  no norte do parana
180562885329138_1583240935061319,252,as aranhas e centopeias gigantes que se alimentam de grandes animais ha algo de filme de terror quando uma aranha ou um inseto ataca um bicho vertebrado  mas esses episodios perturbadores sao mais comuns do que imaginamos
180562885329138_1581338085251604,224,mulher quase e atropelada por trem ao cruzar trilhos na nova zelandia cena foi registrada por camera de seguranca em auckland
180562885329138_1575273465858066,10844,jovem deixou   livros escritos a mao e criptografados antes de sumir  diz mae bruno borges  de   anos  esta desaparecido desde a segunda    sete dias depois  a mae dele  denise borges  falou sobre o misterio que envolve o sumico do filho
180562885329138_1574412229277523,213,atingida em cheio por caminhao  mulher tem apenas  suspeita de lesao  no df  video motorista disse a policia que so percebeu quando ouviu gritos dos frentistas  vitima chegou a ser levada ao hospital de ceilandia  mas foi liberada apos exames
180562885329138_1569042863147793,275,eu tenho so metade do cerebro  mas ninguem percebe jodie graves comecou a ter convulsoes aos tres anos com tanta frequencia que medicos sugeriram retirar metade do orgao
180562885329138_1568977966487616,3020,capitania dos portos investiga origem de embarcacao no maranhao embarcacao misteriosa apareceu em uma praia do municipio de cedral  marinha investiga de onde veio o barco e o que aconteceu com a tripulacao
180562885329138_1568821519836594,1239,como corpo de homem foi encontrado dentro de cobra de   metros na indonesia agricultor foi encontrado  vestindo roupas e botas  dentro de cobra de   metros  caso e bastante raro  segundo especialistas
180562885329138_1566569650061781,4743,pai faz parto do filho dentro de casa com orientacao por telefone em ms mae teve parto pelvico e bombeiros fizeram ressuscitacao do bebe  pai segurou bebe enquanto recebia orientacao e esperava ambulancia
180562885329138_1563023963749683,505,tromba dagua e registrada na orla maritima de sao luis fenomeno ocorreu no final desta manha   na orla maritima da capital  trombas dagua sao mais comuns em areas com dominio de clima tropical
180562885329138_1561653910553355,822,incidencia de raios no ceara ja passa o total de todo o ano passado ceara registra   mil raios nos primeiros tres meses de   somente nas ultimas   horas foram   descargas eletricas registrados
180562885329138_1561332570585489,657,americana e resgatada perto do grand canyon apos pedido gigante de ajuda amber vanhecke  de   anos  foi resgatada no dia   de marco depois de passar cinco dias em uma area perto da borda sul do grand canyon
180562885329138_1560633440655402,66,o segredo da capacidade fisica do homem que correu   maratonas em   dias quando completou   anos  dean karnazes descobriu que podia correr o quanto quisesse sem se cansar  corpo do atleta e tao incomum que tem sido objeto de estudo cientifico
180562885329138_1558728654179214,952,garrafas de bebidas alcoolicas da  a guerra mundial sao encontradas em escavacao em israel maioria era de licor  mas tambem havia garrafas de vinho  cerveja  refrigerante  gim e uisque
180562885329138_1557595214292558,6378,cascaveis invadem loteamento de alto padrao em campinas  video mostra resgates cerca de   serpentes de varias especies foram capturadas nos ultimos nove meses no local  primeira vitima foi picada nesta segunda   e encaminhada para a unicamp
180562885329138_1556061771112569,142,mae revela que desconfiou de troca de bebes em hospital logo apos o parto ela diz que suspeitou por causa da cor da pele e falta de pulseira  em go  dna apontou que filha  agora ja adulta  nao tem lacos sanguineos com
180562885329138_1554487717936641,298,motorista registra formacao de tornado em rodovia de vera cruz segundo meteorologista  ventos podem chegar a   quilometros por hora  nenhum estrago foi registrado por conta do fenomeno meteorologico
180562885329138_1553882984663781,1607,adolescente encontra diamante de   quilates em parque nos eua menino de   anos encontrou o setimo maior diamante da historia do parque no arkansas
180562885329138_1549477695104310,6774,fones de ouvido de passageira pegam fogo em voo entre pequim e melborne incidente por volta de duas horas apos a decolagem da aeronave  segundo a cnn  autoridades australianas investigam o caso
180562885329138_1548535855198494,454,alerta de nevasca provoca cancelamento de mais de   mil voos nos eua cerca de   milhoes de pessoas estao sob alerta para nevasca  de acordo com a cnn  nova york  pensilvania  nova jersey e virginia declararam estado de emergencia
180562885329138_1543327889052624,1000,doenca da urina preta  foi causada por intoxicacao apos ingestao de peixe  diz estudo amostras de pacientes nao apresentaram virus ou bacterias apos analise em laboratorio
180562885329138_1541765575875522,2113,tromba d agua assusta turistas na chapada dos veadeiros  veja video grupo estava na cachoeira santa barbara  quando volume de agua subiu  carioca conta diz que  apesar do susto  ninguem ficou ferido  em goias
180562885329138_1541964179188995,783,casal e resgatado na costa da australia apos veleiro quebrar e enfrentar ondas gigantes nos deparamos com o mar agitado  com ondas do tamanho de edificios  que vinham em nossa direcao constantemente  e ventos em que voce nao conseguia se levantar  disse nick dwyer
180562885329138_1537236406328439,22,cranios encontrados na china revelam detalhes de populacao  prima  do homem moderno especimes podem estar ligados ao misterioso grupo da linhagem humana conhecidos como denisovans
180562885329138_1536008946451185,917,cobra e encontrada dentro de casa em sp e apavora moradora   susto incidente ocorreu neste fim de semana em mongagua  no litoral paulista  moradora afirma que e a terceira vez que cobras sao encontradas na rua
180562885329138_1534141579971255,3372,bomba da  a guerra mundial e encontrada em londres casas no noroeste da cidade foram esvaziadas e escolas fechadas para a remocao do artefato
180562885329138_1533232260062187,10783,casal diz ter achado   escorpioes em casa em santa rosa de viterbo  sp toda noite eu viro um vigilante de escorpiao  diz morador sobre infestacao  saude diz que acionou sucen para vistoria especifica na residencia
180562885329138_1525384954180251,2279,pf apura se carro lotado de municao seria entregue a faccoes no rj homem foi preso com municoes na rodovia castello branco  em avare    foram apreendidas   mil balas de uso exclusivo das forcas armadas
180562885329138_1523690267683053,5102,turbina de aviao da latam pega fogo durante decolagem em congonhas corpo de bombeiros apagou incendio  todos os passageiros estao bem
180562885329138_1523649537687126,425,apos onda de calor  sp tem chuva de granizo e alagamentos atingem ate o minhocao segundo o centro de gerenciamento de emergencias    temporal afetou as zonas oeste  sul  leste e o centro
180562885329138_1522675451117868,675,aviao tem principio de incendio em voo de bh a vitoria aeronave e da azul linhas aereas e nao houve feridos  aviao permanecera em vitoria para investigacao
180562885329138_1521352351250178,2568,a jovem que quer ensinar mulheres a identificar possivel contaminacao letal com absorventes britanica phoebee bambury  de   anos  contraiu sindrome do choque toxico    casos da doenca sao raros
180562885329138_1515868761798537,1702,criatura bizarra encontrada em praia e identificada na nova zelandia essa especie de enguia chega ate a   metros e vive em fundos arenosos ou enlameados a   metros de profundidade
180562885329138_1514460565272690,4536,mulher de   anos da a luz gemeos na espanha gemeos nasceram terca feira de cesariana  menina e um menino apresentam bom estado de saude
180562885329138_1514256978626382,1088,ator harrison ford quase provoca grave acidente com seu aviao ele errou de pista e passou perto de um boeing   com   passageiros e seis tripulantes a bordo
180562885329138_1510597178992362,1648,vento faz caminhao tombar sobre viatura de policia em estrada nos eua policiais estavam fora do carro auxiliando outros motoristas  ocupantes do caminhao nao ficaram feridos  ventos ultrapassaram   km h em wyoming
180562885329138_1507809085937838,7364,medico indiano retira barata viva da cabeca de uma mulher inseto entrou pelo nariz durante a noite e se instalou perto dos olhos  medico extraiu barata com instrumento de succao
180562885329138_1506890352696378,373,cientistas descobrem lagarto que solta pele do corpo para escapar de predadores reptil encontrado em madagascar descarta suas escamas  semelhantes as de peixes  diante do mais leve toque
180562885329138_1504170286301718,3340,a incrivel historia do homem sem documento encontrado no brasil   anos apos desaparecer no canada canadense anton pilipa    anos  caminhou milhares de quilometros por nove paises  ate ser abordado em estrada por policiais rodoviarios
180562885329138_1504079279644152,1575,voo mais longo do mundo chega a nova zelandia apos mais de   horas de viagem e   km percorridos  boeing da qatar airways aterrissou em auckland  aviao passou por zonas com dez diferentes fusos horarios
180562885329138_1503416086377138,2209,o homem que vendeu as proprias costas para um colecionador de arte tim steiner  fechou  as costas com uma elaborada tatuagem e ha   anos mostra o trabalho em galerias de arte e museus  desenho foi projetado por um controverso artista belga que fez fama tatuando porcos
180562885329138_1500675276651219,18826,continente desaparecido ha   milhoes de anos e encontrado debaixo do oceano indico sob as aguas das ilhas mauricio  ha fragmentos de gondwana  o supercontinente que se desintegrou para dar origem a africa  india  australia  america do sul e antartida
180562885329138_1496644153720998,2068,colmeia cai de arvore  destroi vidro traseiro e amassa teto de carro na ba caso ocorreu nesta segunda feira    em salvador  segundo o corpo de bombeiros  ninguem ficou ferido no acidente
180562885329138_1495612410490839,2814,dona da ray ban compra oticas carol em negocio de   milhoes de euros empresa brasileira opera uma rede de franquia com cerca de   lojas no pais
180562885329138_1493269814058432,2687,cientistas comprimem hidrogenio a ponto de virar metal e confirmam teoria de mais de   anos nova criacao podera ser usada como condutor de eletricidade com alta eficiencia  diz estudo publicado pela  science
180562885329138_1491729080879172,778,atleta descreve como viu olho sair da orbita em jogo de basquete  e continuou enxergando jogador de equipe neozelandesa teve olho arrancado acidentalmente durante partida de liga profissional  mas devera voltar as quadras em breve
180562885329138_1490033111048769,14808,pai flagra tubarao ao lado do filho ao fotografar crianca surfando na australia se soubesse que havia um tubarao na onda  eu teria me apavorado e caido  disse surfista de   anos
180562885329138_1488734471178633,36777,bebe nasce com   kg de parto normal na australia bryan junior esta sendo considerado o maior bebe dos ultimos tempos no pais
180562885329138_1485311114854302,1087,aviao da gol fica com  pneus de fora  aborta viagem e sobrevoa df por quase   h trem de pouso nao se recolheu e piloto decidiu interromper viagem por seguranca  antes de pousar  precisou gastar combustivel  voo da gol iria de brasilia para roraima
180562885329138_1483141578404589,188,onibus escapa por pouco de ser soterrado em estrada na china veiculo passava por regiao montanhosa durante desmoronamento   motorista acelerou para nao acabar debaixo de toneladas de pedras e lama
180562885329138_1481774918541255,898,quanto ganha o presidente dos eua  os beneficios do cargo mais poderoso do mundo alem de receber conforto  luxo e protecao  ele tem direito a pensao vitalicia e ganha biblioteca para eternizar seu mandato
180562885329138_1478970828821664,261,mariposa causa alergia intensa em quase   moradores de jundiai apesar do numero de casos  secretaria de saude descarta surto  doenca nao e contagiosa  mas provoca coceira e inflamacoes
180562885329138_1478268075558606,1355,filhote de cachorro e salvo apos engolir faca de   centimetros cabo do objeto foi parar no intestino de macie  enquanto a lamina ficou alojada na sua garganta
180562885329138_1474580539260693,1262,menina de   anos acha mala com r    mil furtados de loterica no parana loterica fica no balneario de ipanema  no litoral do estado    foram presos  mala com dinheiro estava em terreno do balneario de shangri la
180562885329138_1474375119281235,700,cliente deixa gorjeta de r    mil em restaurante na irlanda do norte conta foi de r    homem  que quis permanecer anonimo  afirmou que dinheiro era reconhecimento pelo que chamou de  comida excelente
180562885329138_1472245406160873,7305,especie de morcego comeca a se alimentar de sangue humano no brasil  diz pesquisa estudo de cientistas brasileiros conduzido na caatinga de pernambuco revela mudanca no habito alimentar de morcego vampiro de pernas peludas  ate entao conhecido por consumir exclusivamente sangue de aves
180562885329138_1471957902856290,30,oled x qled  entenda a nova  guerra dos televisores lg lancou a tv finissima oled w  samsung aposta em  cores reais  da qled  g  mostra em video os aparelhos que vao disputar mercado
180562885329138_1470990906286323,6316,a picada de mosca que deixa as vitimas em sono profundo alteracoes de personalidade  confusao mental grave e ma coordenacao tambem podem acontecer
180562885329138_1470678476317566,6208,a operacao de apendicite que descobriu um pedaco de cerebro  ossos e pelos em um ovario jovem nao apresentava sintomas que indicassem presenca de tumor  que foi extraido sem complicacoes no japao
180562885329138_1464391196946294,1349,morcegos invadem apartamento em sao joao del rei  veja video segundo bombeiros  mais de   animais estavam no local   nunca vimos algo assim  foi totalmente atipico  disse cabo
180562885329138_1463490363703044,5887,adutora se rompe e forma chafariz gigante na zona oeste do rio acidente aconteceu na estrada do lameirao  em santissimo  na zona oeste  bombeiros e cedae estao no local  casas foram alagadas e carros arrastados pela enxurrada  ninguem se feriu com gravidade  segundo corpo de bombeiros  veja video
180562885329138_1462378420480905,1132,empresa recolhe mais de   lotes de remedios  entre eles doril  lisador  epocler e maracugina farmaceutica brainfarma fez recolhimento voluntario apos constatar equivoco em pesagem  segundo empresa  nao ha indicio de que uso possa ter efeito adverso
180562885329138_1462502750468472,4124,tremor de magnitude   e registrado no maranhao  segundo a unb epicentro foi na cidade de vargem grande  segundo unb  tremor tambem foi sentido em varios pontos e predios de sao luis
180562885329138_1461425587242855,3065,aviao com destino aos eua retorna a guarulhos apos falha mecanica boeing da united ficou uma hora no ar e deu tres voltas na regiao de sorocaba  enquanto aguardava para pousar novamente em guarulhos
180562885329138_1457969864255094,913,tromba d agua e registrada na baia do marajo  em ponta de pedras morador da praia da mangabeira registrou o fenomeno com o celular  local e proximo do ponto onde naufragou a lancha  luar c
180562885329138_1457833367602077,2936,ponte mais alta do mundo entra em operacao na china construcao fica a   metros do solo  o equivalente a um edificio de   andares
180562885329138_1456920901026657,1878,jiboia de dois metros e flagrada atravessando avenida em palmas cobra foi resgata e vai ser devolvida a natureza na serra de lajeado  varios moradores pararam para observar e fotografar o animal
180562885329138_1456828891035858,863,mergulhador acha camera perdida por aluna a   metros de profundidade aluna de mogi das cruzes perdeu camera em porto de galinhas durante aula    dias depois  instrutor achou equipamento de r    mil e devolveu
180562885329138_1454744334577647,7965,sensacao de calor chega a  oc no vale do itajai em botuvera  termometros marcaram  oc  mas sensacao era de  oc  florianopolis fez  oc  mas teve sensacao de  oc
180562885329138_1448870818498332,449,dona da nutella consome   em cada   avelas no mundo estoques das fabricas da ferrero chegam a ate   milhoes de avelas por dia
180562885329138_1443995998985814,1107,americano fisga bagre de mais de   quilos e quase bate recorde riahn brewington decidiu soltar o bagre de volta no rio depois de fotografa lo e pesa lo
180562885329138_1442257465826334,5034,passageira e presa com   mil comprimidos de ecstasy no aeroporto do recife segundo a pf  apreensao de   kg da droga e a maior desse tipo de entorpecente ja realizada em pernambuco  mulher de   anos foi autuada por trafico internacional de drogas
180562885329138_1440394416012639,301,desenho perdido de leonardo da vinci e encontrado entre papeis de familia na franca esboco do martir sao sebastiao vale o equivalente a r    milhoes  obra tem escrita especular e sombras pintadas da direita para esquerda
180562885329138_1437857196266361,3989,em seis horas  terra treme   vezes em cidade do agreste potiguar segundo a ufrn  maior tremor  foi registrado as  h  regiao de joao camara e conhecida pelos tremores de terra
180562885329138_1432537396798341,3712,meteoro explode na atmosfera e clarao faz noite virar dia na siberia moradores disseram que ouviram barulho tao forte que alarmes dos carros dispararam  destrocos do meteoro se desintegraram antes de tocar o solo
180562885329138_1431300210255393,1148,australiana flagra aranha enorme capturando lagarto melanie postou fotos em seu facebook que mostram a aranha carregando o pequeno lagarto  ela tambem filmou a cena e publicou o video no youtube
180562885329138_1429968973721850,1395,carro despenca e cai em cima de telhado de terminal de onibus no abc veiculo trafegava por viaduto que passa em cima de terminal de onibus santo andre leste  funcionarios ja retiraram carro que ficou preso nas telhas
180562885329138_1428924710492943,612,o misterioso som que desconcertou o primeiro astronauta chines no espaco na solidao de sua espaconave  em   yang liwei ouviu ruidos que nunca conseguiu reproduzir quando voltou a terra  cientistas tambem ainda nao sabem explica los
180562885329138_1419685811416833,1465,crianca encontra sucuri de   metros as margens do lago de itaipu  veja familia pescava em um balneario de santa helena quando notou a cobra  animal foi capturado pela policia ambiental e solto no refugio biologico
180562885329138_1417282948323786,1418,esa confirma que predio mais alto de san francisco esta afundando estudos mostram que a famosa torre  finalizada em   e de quase   metros de altura   mostrou sinais de afundamento e inclinacao
180562885329138_1417313311654083,117,homem aranha  frances escala arranha ceus de barcelona sem protecao pedestres policiais observaram no subir e descer da torre agbar  um edificio de escritorios conhecido por sua iluminacao noturna  em cerca de uma hora
180562885329138_1416099665108781,1703,cameras registram clarao apos  bola de fogo  no ceu da florida fenomeno luminoso ocorre quando um meteoro entra na atmosfera e explode
180562885329138_1415338811851533,1895,los angeles tem grande engarrafamento antes do dia de acao de gracas quase   milhoes devem viajar entre esta quarta e o proximo domingo  imagens aereas mostram transito desta terca na estrada
180562885329138_1413350208717060,7654,frances herda casa e encontra   kg de ouro escondidos no imovel casa fica em evreux  cerca de   quilometros de paris  ouro estava escondido sob os moveis  no banheiro e em uma caixa de uisque
180562885329138_1413207868731294,519,poste cai em cima de motociclista apos colisao no ceara  veja video condutor da moto  vereador eleito em   esta internado e passa bem  jovem bateu em poste apos desviar de carro em cidade do litoral do estado
180562885329138_1411516455567102,12897,corpo em decomposicao e localizado dentro de poste em goiania objeto  que e oco e usado em redes de alta tensao  foi serrado por bombeiros   vizinhos sentiram odor e pediram ajuda  vitima morreu ha cerca de
180562885329138_1404941336224614,3279,maior do mundo  antonov ocupa area de   aeronaves em cumbica decolagem foi adiada para  h  desta terca   para ajuste de aviao  antonov pousou no aeroporto de guarulhos na noite desta segunda
180562885329138_1403696493015765,904,aeroporto de guarulhos recebe nesta segunda o maior aviao do mundo antonov   vai transportar gerador de   toneladas para o chile  antes de chegar em cumbica  aviao passa por viracopos  em campinas
180562885329138_1399302223455192,46,cientistas desenvolvem novo tipo de teste de hiv em pendrive dispositivo usa uma gota de sangue para detectar o hiv  pacientes podem monitorar regularmente seus niveis de virus
180562885329138_1398454686873279,63,mil ainda nao sacaram abono salarial pis pasep ano base prazo para fazer saque termina no dia   de dezembro  quase um terco das pessoas que nao sacara e do estado de sao paulo
180562885329138_1386727004712714,5015,finados deve ter sensacao termica de  oc no rio  diz climatempo temperatura deve chegar a marca de  oc durante o dia  policia militar vai reforcar o policiamento na orla com a operacao verao
180562885329138_1373538839364864,1406,sucuri de mais de   metros e capturada em distrito de goiania cobra foi encontrada atravessando uma rua do distrito de vila rica  segundo a pm  animal foi resgatado e levado para o cetas  na capital
180562885329138_1373120176073397,1446,tiro atinge aviao durante voo entre florianopolis e porto belo  sc cessna   teve perfuracao na asa esquerda  proximo ao tanque  ninguem ficou ferido  donos de escola de aviacao registraram ocorrencia
180562885329138_1372185566166858,60,at t compra time warner por mais de us    bi  diz imprensa americana aquisicao formara empresa avaliada em us    bilhoes na bolsa  operacao une negocios de telefonia com producao de conteudo de tv
180562885329138_1370541726331242,1572,aviao faz pouso forcado no recife e pista fica fechada por   minutos aeronave de carga teve problema tecnico no trem de aterrissagem  fato ocorreu as  h  desta sexta    pista foi liberada por volta das  h
180562885329138_1362844680434280,3614,tubarao invade gaiola de mergulhador no mexico cinegrafista amador registrou incidente na ilha de guadalupe  mergulhador e tubarao dividiram mesmo espaco por alguns segundos
180562885329138_1361521577233257,4232,sucuri de   metros e encontrada por criancas perto de casas em mt criancas brincavam em regiao de mata e encontraram animal  sucuri foi solta em regiao proxima ao rio teles pires  a   km da cidade
180562885329138_1358431480875600,4064,samsung suspende venda e paralisa producao do galaxy note sul coreana pede a usuarios que desliguem o aparelho  que pode explodir  em recall  samsung deu smartphones defeituosos a usuarios
180562885329138_1356826197702795,448,rapaz pula de lancha em chamas em balneario camboriu  sc  video pessoas que estavam em motos aquaticas fizeram resgate dele  ainda nao se sabe as causas do incendio  capitania foi acionada
180562885329138_1356487384403343,327,celular  seguro  pega fogo nos eua pela segunda vez  um aparelho note   sofre problema que no mes passado forcou samsung a fazer recall  empresa diz que problema foi causado por
180562885329138_1355334111185337,1391,itau unibanco fecha compra de ativos de varejo do citi no brasil aquisicao dos negocios de varejo foi feita por r    milhoes  conclusao depende de aprovacoes do banco central e cade
180562885329138_1354764897908925,2368,video mostra aviao no olho do furacao matthew  perto da florida cacadores de furacoes  encaram turbulencia para conseguir dados  agencia americana tem equipe especial para esse tipo de trabalho
180562885329138_1353676221351126,1415,chuva forte com vento e granizo cobre ruas de curitiba com gelo tempestade atingiu capital paranaense na tarde desta quinta    tempo voltou a firmar  instabilidade e caracteristica da primavera
180562885329138_1350355361683212,964,carro despenca de estacionamento e atinge outro veiculo em blumenau  sc caso ocorreu na tarde desta segunda feira    ninguem ficou ferido  motorista deixou carro acima do nivel da rua e nao acionou freio de mao
180562885329138_1339927692725979,10374,dado como morto  homem respira durante preparacao para velorio situacao ocorreu na noite de quinta feira    em londrina  no parana  servidora de autarquia municipal notou os sinais vitais em homem
180562885329138_1337469452971803,583,capsula do tempo nazista e encontrada na polonia cilindro de cobre enterrado na decada de   guardava moedas  jornais e exemplares do livro  minha luta  de adolf hitler
180562885329138_1337822412936507,115,mecanico sobrevive a atropelamento de trator no es apos o susto  foi constatado que cleide pasti  de   anos  quebrou um pe  acidente aconteceu em boa esperanca  regiao norte do estado
180562885329138_1333980049987410,433,britanico vence torneio de vegetais gigantes com cebola de   kg tradicional feira de harrogate vai ate este domingo    paul bastow levou o titulo da competicao de maior repolho com exemplar de   kg
180562885329138_1330675610317854,2184,uber lanca servico de carros sem motorista nos estados unidos opcao tem previsao de comecar a funcionar nesta quarta feira    veiculos tem tecnologia laser  cameras e sensores
180562885329138_1328670050518410,2442,eua pedem que donos do galaxy note   da samsung  parem de usa lo celular pode explodir ao ser carregado  samsung recolhe os aparelhos  passageiros aereos dos eua e da australia foram proibidos de usar celular
180562885329138_1325660800819335,144,meteorito ilumina a noite do chipre e explode sem causar danos acredita se que partes do meteorito cairam no mar ao norte de chipre   estouro foi ouvido enquanto passava sobre o chipre  disse ioannis fakas
180562885329138_1324807240904691,1840,o homem que diz ter   anos  e que continua fumando e com a lapide pronta no quintal de casa o indonesio mbah gotho nasceu em   de dezembro de   segundo os registros oficiais  que tiveram sua validade confirmada por autoridades locais
180562885329138_1323828414335907,956,japones de   anos cruza a nado estreito perigoso estreito de tsugaru e povoado de tubaroes  medusas e lulas  toshio tominaga se tornou pessoa mais velha a completar travessia
180562885329138_1320446324674116,2149,aluno de   anos bate recorde como o mais jovem em universidade dos eua jeremy shuler comecou  nesta semana  a graduacao na universidade cornell  em nova york  ele aprendeu a ler aos   meses e quer estudar engenharia
180562885329138_1319520541433361,2851,ponte de vidro mais comprida do mundo e fechada na china ponte recebia numero maior de visitantes por dia do que o previsto   fechamento e temporario  para melhorar  sistema interno
180562885329138_1316207715097977,4275,gravida sem saber  mulher sente dor e marido leva susto   bebe caiu no chao patricia nogueira estava dentro de casa quando a crianca nasceu  mae contou ao g  que tratava hernia sem desconfiar de gestacao
180562885329138_1315364235182325,1351,apos   dias  vencedor da quina nao retira premio de r    milhoes sorteio foi realizado dia   de julho  ganhador e de casa nova  na bahia  sortudo ainda tem prazo de   dias para retirar o dinheiro da loteria
180562885329138_1315150645203684,120,brasil tem mais de   milhoes de habitantes  segundo o ibge instituto publicou estimativa da populacao no  diario oficial da uniao  roraima e o estado menos populoso  o mais populoso e sao paulo
180562885329138_1312529058799176,2192,asteroide com   metros de extensao vai passar de raspao pela terra rocha descoberta por astronomos em mg chegara a   mil quilometros  aproximacao ocorrera na noite deste sabado    colisao e descartada
180562885329138_1312102325508516,755,casal e resgatado de ilha deserta apos escrever mensagem em praia caso ocorreu na micronesia  militares americanos na regiao coordenaram o resgate
180562885329138_1311500408902041,759,modelo que sobreviveu a naufragio escapa do terremoto de amatrice nicole di mario  de   anos  estava no costa concordia ha quatro anos  ela dormia em cidade a   km de amatrice quando sentiu o terremoto
180562885329138_1310742518977830,7124,jovem de   anos tem seis filhos gemeos em tres gestacoes diferentes mulher mora em nova vicosa  no extremo sul da bahia  jovem conta que os tres casais de gemeos sao de tres pais diferentes
180562885329138_1309004865818262,115,virus sao mais perigosos de manha do que a noite  diz estudo pesquisa de cambrigde sugere que relogio biologico afeta capacidade de virus de causar infeccao
180562885329138_1308204759231606,2223,perola gigante de   kg achada nas filipinas pode ser a maior do mundo prefeitura de puerto princesa espera confirmacao de cientistas  perola foi encontrada ha mais de   anos por pescador
180562885329138_1308047895913959,508,homem e operado na india depois de ingerir   navalhas gostei da sensacao e logo virou um costume  disse  policial procurou medico por causa das dores abdominais
180562885329138_1307809325937816,909,trufa negra gigante de   quilo e encontrada na australia produtor levou   minutos para desenterrar o fungo gigante em uma horta  trufa e muito grande para os clientes do produtor e talvez nao seja vendida
180562885329138_1306626026056146,275,galeao bate recorde de passageiros e recebe jatos executivos milionarios nesta segunda  aeroporto recebe maior numero de passageiros da historia  alguns avioes particulares custam ate r    milhoes
180562885329138_1304537779598304,5142,o  dono da metade de londres  e outros jovens na lista dos mais ricos do mundo alguns sao herdeiros  outros criaram aplicativos mas todos tem menos de   e mais de us    bilhao de patrimonio
180562885329138_1299869056731843,543,apos   dias  premio de quase r    milhoes ainda nao foi sacado na bahia sorteio foi realizado em   de julho  ganhador e de casa nova  norte da ba  sortudo ainda tem prazo de   dias para retirar o dinheiro
180562885329138_1299352160116866,1540,chinesa cai de cruzeiro e sobrevive   horas no mar e um milagre  afirmou o pai ao jornal chines  the paper  naufraga teria ate dormido enquanto flutuava no oceano  segundo medicos
180562885329138_1297482820303800,6339,sucuri de  m engole onca adulta apos briga  registro e inedito  diz estudo revista cientifica publicou caso que aconteceu no ano passado em promissao  relato sobre predadores pode mudar os conceitos sobre a cadeia alimentar
180562885329138_1295963630455719,2963,tubarao da groenlandia de   anos quebra recorde de longevidade femeas nao estao prontas para se reproduzir antes de fazer   anos  especialistas apontam que aguas frias aumentam tempo de vida
180562885329138_1292305887488160,11,problema operacional prejudica voos da delta airlines pane em seu sistema de informatica provoca atrasos e cancelamentos    passageiros lotam as areas de embarque de varios aeroportos
180562885329138_1289553147763434,1478,aviao sai da pista e atinge estrada na italia capitao e um suboficial que estavam a bordo sairam ilesos  incidente aconteceu no aeroporto de bergamo nesta sexta
180562885329138_1284648934920522,325,americano e o primeiro a saltar de   metros sem paraquedas luke aikins  de   anos  atingiu   km h em salto de   minutos  americano caiu em uma rede em simi valley  na california
180562885329138_1284349048283844,453,posto de combustivel e isolado apos  bomba ser achada em carro  diz pm caso aconteceu na tarde deste sabado    em barra do pojuca  na bahia  bope disse que explosivo podia ser acionado com trepidacao de veiculo
180562885329138_1279330705452345,67,verizon anuncia a compra do yahoo por us    bilhoes empresa sera integrada a aol  comprada por us    bilhoes em   previsao e que aquisicao deve ser encerrada em
180562885329138_1277792128939536,106,moradores registram redemoinhos na regiao sul do tocantins  veja video uma nuvem de poeira invade uma obra obriga os trabalhadores a sairem  um climatologista e professor da uft explica o fenomeno
180562885329138_1276891512362931,224,designer emagrece   quilos em quase   anos   cheguei ao meu limite fernando saiu dos   quilos e atualmente pesa   quilos  designer de aracatuba   diz que peso novo traz mais autoestima
180562885329138_1275483602503722,2063,de   a   em   anos  americana da a luz   pares de gemeos em   meses danesha couch  de   anos  diz que seus filhos foram concebidos sem uso de medicamentos para fertilidade
180562885329138_1275109415874474,28,obesidade pode elevar riscos de problemas na gengiva  sugere estudo estudo avaliou   brasileiros que fizeram exames periodontais  obesidade e sobrepeso elevaram em   e   o risco de periodontite
180562885329138_1274777185907697,101,seis meses depois  casal retira premio de r    bilhao de loteria nos eua marvin e mae acosta dividiram parte do premio com mais dois apostadores  dono de loja onde bilhete foi vendido ira receber bonus de  r    milhoes
180562885329138_1273340069384742,974,cidades de sc tem temperaturas negativas e geada nesta segunda feira temperatura mais baixa foi registrada em urupema  com  oc  dia deve ter a presenca do sol em todas regioes do estado
180562885329138_1272563576129058,1170,tuneis subterraneos gigantes sao descobertos em sao joaquim galerias podem ser paleotocas  cavadas por tatus ha milhares de anos  com cerca de   metro de diametro  alguns pontos tem   metros de altura
180562885329138_1263980780320671,3473,moradores registram nuvem gigante no centro oeste paulista nuvem esta associada a frente fria  explica meteorologista  temperatura deve cair na regiao a partir desta quarta feira  diz especialista
180562885329138_1263731340345615,145,mega sena  concurso   aposta unica de mg ganha r    milhoes veja as dezenas sorteadas                        quina teve   apostas ganhadoras  cada uma levou r
180562885329138_1262432957142120,1045,consumo de isotonicos pode causar obesidade e perda de dentes em criancas e adolescentes grande numero de jovens estao usando socialmente bebidas desenvolvidas para consumo durante ou depois de atividades esportivas
180562885329138_1262215030497246,290,homem sobrevive apos ser prensado por cabine de carreta em batida na ba condutor do veiculo ficou preso as ferragens e foi retirado pelos bombeiros  ele teve lesoes leves e foi levado para o hospital do oeste  em
180562885329138_1261217120597037,194,montanhista de sc sobe monte mais alto da russia sem guia helio fenrich  de   anos  levou   horas para chegar ao cume  conquista faz parte de projeto dele de subir as principais montanhas
180562885329138_1257713977614018,119,cetesb diz que mancha vermelha no litoral de sp e gerada por fitoplancton mares vermelhas ocorrem naturalmente em varias partes do mundo  pela noite  e possivel ver efeito bioluminescente causado por organismo
180562885329138_1257339557651460,220,piloto brasileiro se atrasa e escapa de atentado em aeroporto de istambul leonardo salgado  de belo horizonte  disse que viu cena de guerra  ele deveria chegar as  h  mas acabou prolongando conversa com amigo
180562885329138_1256423191076430,360,cerca de   milhao de pessoas tem   dias para sacar abono salarial informacao foi divulgada nesta segunda pelo ministerio do trabalho  prazo para sacar pis pasep termina no dia   de junho  diz governo
180562885329138_1253220981396651,542,foto incrivel mostra cao lutando com cobra venenosa na australia cena registrada no estado de queensland mostra um cachorro travando uma luta feroz com uma cobra marrom  uma das mais venenosas do mundo
180562885329138_1252434524808630,1289,empresario foragido da operacao turbulencia e encontrado morto paulo cesar morato era apontado como  laranja  em esquema criminoso  policia federal vai acompanhar investigacoes de peritos criminais
180562885329138_1252426198142796,20,mega sena  concurso   aposta do rio de janeiro ganha r    milhoes veja as dezenas sorteadas                        quina teve   apostas ganhadoras e cada uma vai levar r
180562885329138_1249847651733984,167,a  arvore da morte  a mais perigosa do mundo segundo o livro dos recordes ela e imponente e tem uma sombra convidativa  mas so encostar nela pode dar queimaduras e comer seu fruto  em alguns casos  e fatal
180562885329138_1248677261851023,87,aparelhos obsoletos que sao vendidos a precos exorbitantes na internet antigos ipods e celulares esquecidos no fundo de gavetas podem valer ate us    mil
180562885329138_1247973728588043,3381,familia tailandesa flagra lagarto enorme na porta de sua casa attanai thaiyuanwong filmou o reptil pressionando o corpo contra a porta como se tentasse invadir a residencia em nonthaburi  video virou hit na web
180562885329138_1246136372105112,2524,a espera de transplante  americano vive   dias sem coracao enquanto aguardava doador  jovem de michigan foi mantido vivo com coracao artificial externo   que carregava na mochila
180562885329138_1245706805481402,238,motorista leva susto apos cobra surgir no painel enquanto dirigia kelly swisher estava dirigindo por uma rodovia em fayetteville  no arkansas  quando reptil apareceu no painel e  em seguida  deslizou por entre seus pes
180562885329138_1245783975473685,60,tecnologia francesa pode ajudar a monitorar tubaroes em pernambuco chrisar lab foi apresentado ao governo do estado nesta terca feira    software descobre localizacao de animal dentro do mar pelo som que emite
180562885329138_1245334012185348,2948,americana da a luz bebe pesando   quilos e um mini lutador de sumo  brincou enfermeira  bebe nasceu em hospital de hutchinson  no estado do kansas
180562885329138_1245289005523182,201,menino sai ileso depois de cair em poco de   metros de profundidade garoto soltava pipa com amigos quando a queda aconteceu  diz policia  acidente aconteceu na tarde desta segunda feira  em imbituva  no parana
180562885329138_1244823488903067,57,microsoft compra a rede social linkedin por us    bilhoes dona do windows adquire empresa com   milhoes de usuarios   valor supera o da nokia  skype e mojang e e o maior ja pago pela microsoft
180562885329138_1244568485595234,2785,com   oc  urupema volta a registrar a temperatura mais baixa do ano ha uma semana  a cidade da serra de sc amanhece com negativas  frio intenso deve comecar a perder forca a partir de terca feira
180562885329138_1244596322259117,487,microsoft compra a rede social linkedin por us    bilhoes dona do windows adquire empresa com   milhoes de usuarios   valor supera o da nokia  skype e mojang e e o maior ja pago pela microsoft
180562885329138_1244524738932942,3430,zona sul de sao paulo registra  oc marca foi alcancada no bairro capela do socorro nesta segunda feira    medicao ocorreu em estacao meteorologica do cge  orgao municipal
180562885329138_1241144012604348,103,pintor fica pendurado em caixa d agua a   metros do chao em ribeirao preto trabalhador viveu momentos de tensao na tarde desta quarta feira    cabo de aco da cadeirinha travou e ele foi salvo pelos bombeiros
180562885329138_1240697955982287,389,ganhador da mega na ba ainda nao sacou r    mi    dias apos sorteio informacao foi divulgada pela assessoria de comunicacao da caixa  sortudo tem ate   dias para retirar premio  apos realizacao do sorteio
180562885329138_1238995192819230,13,mais de   concursos publicos abertos tem   mil vagas no pais salarios chegam r    na prefeitura e camara de agua boa    cargos sao em todos os niveis de escolaridade
180562885329138_1238750926176990,3112,conheca a historia da mulher que deu a luz gemeos pela terceira vez steffany ja tinha os casais sales e sara  de tres anos e meio  e guilherme  e giovana  de um ano  o caso dela  segundo medicos afirmam  e rarissimo
180562885329138_1238027282916021,864,cinco se ferem apos sofa explodir durante impermeabilizacao em goias corpo de bombeiros foi ao local e coletou material para investigar o caso  tres moradores e dois homens que aplicavam o produto tiveram lesoes
180562885329138_1236739533044796,167,estudo liga cancer de prostata ao tamanho da cintura pesquisa mostrou que   cm a mais na circunferencia abdominal aumentariam as chances de desenvolver tipo mais agressivo da doenca em
180562885329138_1236330406419042,1576,adaga de tutancamon era feita de ferro de meteorito  diz estudo punhal tem lamina com   de niquel e   de cobalto   componentes sao encontrados em ferro de meteoritos
180562885329138_1235279003190849,270,paineis do teto de aviao despencam durante pouso nos eua incidente assustou os   passageiros a bordo  aeronave fazia o trajeto entre houston e newark
180562885329138_1230417370343679,233,cacador de tempestades registra tornado prestes a destruir casa nos eua uma equipe de tv especializada em perseguir tempestades registrou mais de   tornados nos estados unidos
180562885329138_1230144623704287,1168,jovem de   anos documenta no instagram perda de   kg e efeitos sobre o corpo simone anderson fez uma cirurgia no estomago  cirurgias plasticas  mudou dieta e estilo de vida e compartilhou na rede
180562885329138_1230030227049060,1940,apos   anos  medicos retiram tumor de tamanho de melao de pescoco de paciente aposentado disse que tumor benigno nunca o incomodou  mas no fim  se encheu  dele
180562885329138_1229199800465436,1868,estudante de   anos e aceito em duas universidades nos eua tanishq abraham ja tinha sido aprovado  aos   anos  em sociedade internacional que reune pessoas com alto quociente de inteligencia
180562885329138_1228126543906095,245,conheca a dieta de   mil calorias de ator de  game of thrones islandes hafbor julius bjornsson da vida ao personagem gregor  montanha  clegane na famosa serie de tv
180562885329138_1226729954045754,341,autoridades dos eua encontram crocodilos  comedores de gente  na florida crocodilos do nilo foram identificados com testes de dna  especie pode ter ate   metros de comprimento
180562885329138_1225897490795667,376,casa branca e fechada apos suspeito ser baleado obama nao estava no complexo  cujos acessos foram bloqueados  suspeito com arma levou um tiro de um agente do servico secreto
180562885329138_1221808947871188,967,harmony of the seas  maior cruzeiro do mundo  zarpa da franca embarcacao segue para a cidade inglesa de southampton  barco tem  m de comprimento   m de largura e  m de altura
180562885329138_1221098514608898,142,apos acidente  homem desenvolve catarata em formato de flor problema ocorreu apos paciente se envolver em um acidente de transito  especialistas dizem se tratar de uma catarata traumatica
180562885329138_1218499171535499,69,garcom que quase foi atingido por carro desgovernado diz   muito medo adolescente afirma que ficou em choque   perna tremeu  coracao disparou  acidente foi flagrado por cameras de seguranca em itumbiara  go  video
180562885329138_1218001968251886,661,foi um pouco incomodo  diz homem que ficou com mao dentro da barriga carlos mariotti passou   dias assim para evitar amputacao em sc  na segunda feira  uma cirurgia desfez o processo   e uma mao maior  diz
180562885329138_1217953354923414,4294,canadense de   anos descobre vestigios de cidade maia perdida analisando constelacoes maias  ele chegou a conclusao de que refletem posicoes de cidades  assim  descobriu formacoes geometricas na selva
180562885329138_1217843818267701,3351,indiana da a luz aos   anos e diz nao ser velha para ser mae daljinder kaur deu a luz apos dois anos de tratamento de fertilizacao  marido de   anos disse que nao ve problema na idade avancada do casal
180562885329138_1217661178285965,242,aposta unica leva premio de r    bi da loteria powerball nos eua foi o nono maior premio na historia da loteria do pais  dizem autoridades  chances de acertar as seis dezenas sao de   em   milhoes
180562885329138_1217464144972335,55,enem   tem mais de   mil inscritos em   horas neste ano  as provas serao realizadas nos dias   e   de novembro  taxa de inscricao e de r    alunos da rede publica estao isentos
180562885329138_1217393788312704,1586,apos   dias  homem tem a mao retirada de dentro do abdomen em sc ele sofreu acidente e passou pelo procedimento para evitar amputacao   ainda vamos fazer enxertos de pele e separacao dos dedos  diz medico
180562885329138_1214664345252315,294,descoberto na china o inseto mais longo do mundo bicho pau mede   centimetros de comprimento  inseto em questao foi capturado pelo cientista zhao li
180562885329138_1214329031952513,571,emirados arabes estudam construir montanha para aumentar chuvas pais desertico do oriente medio analisa possibilidade de criar obstaculo geografico para criar nuvens
180562885329138_1213840962001320,240,naufragos sao resgatados apos quase um mes a deriva no pacifico quatro homens ficaram a deriva em pequeno barco por   dias  eles se alimentaram de peixes
180562885329138_1213574718694611,253,menino de   anos ganha us    mil apos identificar falha de seguranca no instagram finlandes identificou bug que permitia apagar comentarios de usuarios e recebeu recompensa apos informar site
180562885329138_1211765402208876,72,motorista escapa ileso de incendio em taxi movido a gas em campinas ainda nao se sabe a causa das chamas  rua foi parcialmente bloqueada  corpo de bombeiros controlou fogo e veiculo foi destruido pelas chamas
180562885329138_1211678168884266,708,unb registra tremor de terra na regiao metropolitana de belo horizonte segundo universidade  abalo de   na escala richter foi em esmeraldas  professor disse que reflexo do tremor pode ser sentido em raio de   km
180562885329138_1208069532578463,311,espermatozoide humano e criado a partir de celulas da pele experimento e um passo importante na resolucao de problemas de fertilidade  espermatozoide criado  no entanto  ainda e incapaz de fecundar
180562885329138_1207790875939662,732,familia nos eua ve nascer  a menina em mais de   anos familia underdahl nao tinha uma menina desde   no periodo  sete meninos haviam nascido em quatro geracoes
180562885329138_1207754285943321,57,tubarao que brilha no escuro pode usar luz para se comunicar  diz estudo luz emitida por tubaroes da familia scyliorhinidae e invisivel para humanos   cientistas montaram camera que simula visao dos animais debaixo d agua
180562885329138_1206984129353670,769,surfista filma tubarao saltando fora d agua enquanto surfava nos eua cena ocorreu em unset beach  no estado da california  video alcancou mais de   mil visualizacoes no youtube
180562885329138_1206302692755147,305,cozinheira da a luz em pe em casa com ajuda de cabeleireiro em ms ela mora no pantanal e foi ao medico duas vezes durante a gravidez  amigo segurou bebe  samu cortou cordao umbilical e levou ao hospital
180562885329138_1206207119431371,94,camera de seguranca registra aparecimento inesperado de cratera em rua movimentada na china guarda de transito percebeu pequena fenda no asfalto e evitou tragedia
180562885329138_1205523819499701,270,aviao movido a energia solar completa viagem sobre o pacifico perna trans  pacifico foi a parte mais arriscada da viagem global  projeto destaca a importancia da energia renovavel e o espirito de inovacao
180562885329138_1205060642879352,195,tremor de terra assusta moradores do municipio de coite do noia  em al moradores relatam que abalo sismico aconteceu logo no inicio da manha  segundo observatorio  tremor tambem foi sentido em outras   cidades
180562885329138_1203548176363932,190,escorpioes saem de lixo e invadem casas em colatina  es moradora mostra escorpiao que apareceu em sua casa  prefeitura informou que o numero de notificacoes tem diminuido
180562885329138_1201783933207023,436,era fotografada quando escorreguei  diz jovem que caiu de cachoeira acidente ocorreu na  janela do ceu  no parque estadual do ibitipoca  bancaria esta internada em juiz de fora e deve ter alta nesta quarta
180562885329138_1200349143350502,306,aviao com   passageiros acerta drone antes de pouso em londres airbus da british airways se aproximava de aeroporto de heathrow quando aparelho se chocou contra frente da aeronave
180562885329138_1199689673416449,10,modulo experimental inflavel e conectado a estacao espacial objetivo e testa lo como habitat para astronautas  pesquisadores e turistas  custo de lancamento deste modulo e muito mais baixo que o de metal
180562885329138_1197658733619543,70,unicamp aponta risco em adocante a base de sucralose em bebida quente pesquisadores afirmam que sucralose pode liberar substancias toxicas  estudo tambem identificou gas que foi liberado em santos na composicao
180562885329138_1196966060355477,36,amazon lanca kindle oasis  com bateria que dura mais de   meses setima geracao do leitor eletronico ficou mais leve  fino e brilhante  amazon cria aparelho fino para tornar tecnologia  invisivel  diz executivo
180562885329138_1196406527078097,523,esfera misteriosa encontrada em floresta intriga cientistas arqueologos bosnios dizem acreditar que pedra e a mais antiga criada pelo homem  tese nao e consenso entre especialistas
180562885329138_1196009477117802,289,iguana  godzilla  se alimenta no fundo do mar nas ilhas galapagos e vira hit iguana foi filmada por steve winkworth comendo algas no fundo do mar  especie e vegetariana e e capaz de mergulhar ate   m de profundidade
180562885329138_1195718547146895,565,em fotos  uma rara cobra de duas cabecas imagens do animal peconhento foram feitas no kansas   pelo fotografo jason talbott  repteis assim sao esquivos e tem baixa taxa de sobrevivencia
180562885329138_1195406320511451,685,cobra de   m e   quilos e achada perto de canteiro de obras na malasia reptil foi encontrado perto de canteiro de obras em paya terubong  foram necessarias cinco pessoas para conseguir erguer a enorme piton
180562885329138_1195265800525503,14,entenda como e o processo de  fabricacao da vacina contra o h n antes de chegar aos postos de saude  vacina passa por um longo esquema de producao  exercito de galinhas bota mais de   milhoes de ovos
180562885329138_1193972003988216,78,arcebispo de canterbury descobre ser filho de um secretario de churchill justin welby define que nao ha crise existencial depois da revelacao   eu encontro o que sou em jesus cristo  e nao na genetica  diz
180562885329138_1192647717453978,26,cientistas descobrem fossil de estranha criatura que carregava filhotes por cordoes por causa de habito nunca antes visto no reino animal  ela foi apelidada de  cacador de pipas
180562885329138_1192408857477864,67,apos cirurgia para retirada de arpao da cabeca  pescador passa bem hospital informou que ainda nao ha previsao de alta para o paciente  homem de   anos ficou com o objeto preso no cranio  em pres  epitacio
180562885329138_1191766427542107,156,cientistas encontram buraco negro gigante em galaxia inesperada formacao foi encontrada num grupo medio de galaxias  para pesquisadores  pode haver muito mais buracos desse tipo
180562885329138_1191427070909376,16,equipe de tv resgata motorista de trator cercado por incendio nos eua imagens registraram momento em que veiculo quase e tomado por chamas
180562885329138_1190504054335011,12,laboratorios passam a oferecer teste para detectar virus da zika no semen ao menos um laboratorio ja tem teste  outros estao validando a tecnica  anvisa passou a exigir teste de zika para procedimentos de fertilizacao
180562885329138_1187805741271509,546,para evitar amputacao  homem ficara com mao dentro do abdomen em sc medico disse  tua mao vai ficar dentro do  bolso  diz paciente em orleans  auxiliar de producao sofreu acidente ao operar maquina durante o
180562885329138_1186463378072412,29,cientistas revelam estrutura do virus da zika pela primeira vez estrutura e parecida com a do virus da dengue e da febre amarela  diferencas identificadas sao essenciais para entender acao da zika
180562885329138_1186351558083594,90,prefeitura de sp recebe cerca de   chamados para recolher morcegos animal representa perigo quando tem raiva  doenca que pode matar  morcego entrou em apartamento em ermelino matarazzo  zona leste
180562885329138_1183457995039617,91,holandesa encontra carcaca de criatura estranha em praia australiana eu fiquei me perguntando que tipo de animal seria  disse iris brusse  ela se deparou com a criatura enquanto passeava em praia de sydney
180562885329138_1181393175246099,833,jacare de   metro e flagrado na praia do cassino  no sul do rs reptil teria se deslocado por canais de agua doce ate chegar ao mar  por questoes de seguranca  ambientalistas nao tentaram capturar animal
180562885329138_1180186308700119,435,carro e prensado entre caminhoes e ocupantes saem ilesos na br tres pessoas estavam no veiculo de passeio e tiveram ferimentos leves  acidente aconteceu entre alvorada e figueiropolis no sul do tocantins
180562885329138_1177300328988717,671,idosa de   anos e presa com   explosivos na chapada diamantina policia militar realizou a prisao apos denuncia anonima na quarta  flagrante aconteceu no povoada de aguarda  em ibitiara  na bahia
180562885329138_1177280362324047,358,pesquisa liga comportamento agressivo a parasita no cerebro pessoas com sindrome de explosoes de raiva sao duas vezes mais propensas a ter sido infectadas com toxoplasma gondii  transmitidos por gatos
180562885329138_1177126409006109,52,achado de rebocador desvenda misterio de   anos nos eua uss conestoga desapareceu com   tripulantes a bordo em   investigacao confirmou que casco encontrado em   e do navio
180562885329138_1176526949066055,589,acordei do coma e so sabia falar chines apos acidente de carro  jovem australiano esqueceu temporariamente o ingles e so se expressava em idioma que havia estudado anos antes
180562885329138_1174012445984172,16,kindle antigo ira perder funcoes online sem atualizacao ate terca sem download  kindle anterior a   nao consegue acessar loja e nuvem  depois de terca    atualizacao so podera ser baixada pelo computador
180562885329138_1173921342659949,95,a nova particula que pode mudar o que sabemos sobre o universo dados coletados no grande colisor de hadrons podem abrir as portas para uma nova teoria
180562885329138_1171762469542503,185,a misteriosa base que a china esta construindo na patagonia argentina muitos temem que instalacao tambem seja usada para fins militares  acordo teria clausulas secretas
180562885329138_1164632186922198,578,britanico encontra rato de mais de   m perto de parque infantil na inglaterra tony smith trabalhava em condominio quando achou roedor morto  segundo imprensa inglesa  rato gigante pesava mais de   quilos
180562885329138_1162851607100256,34,reporter escapa por um triz de atropelamento nos eua alex savidge cobria descarrilamento de trem no estado da california   durante reportagem  dois carros bateram e um avancou contra reporter
180562885329138_1162738227111594,84,como corpo de astronauta mudou apos um ano no espaco  comparado ao de seu irmao gemeo na terra scott kelly  que passou   dias na estacao espacial internacional  ganhou   cm  mas enfrenta dores e hipersensibilidade
180562885329138_1162100257175391,487,aviao da gol retorna para maringa apos passageiros ouvirem estouro problema em aeronave que seguia para guarulhos ocorreu nesta terca    passageiro diz que viu uma  lingua de fogo  passar pela janela apos barulho
180562885329138_1160868163965267,80,jiboia se enrola em fiacao de poste e e resgatada por bombeiro no df  veja incidente aconteceu na manha deste domingo na qr   de santa maria  suspeita e que ela tenha fugido de cativeiro  animal foi levado para quartel
180562885329138_1160425930676157,160,apos descoberta de  vazio geografico  rondonia ganha area de   km anuncio foi feito pelo ibge  que encontrou area perto de vilhena    mapa entre os dois estados devera ser alterado apos publicacao oficial
180562885329138_1159574887427928,688,astronauta americano cresceu   cm em menos de um ano no espaco coluna esticou por causa da quase ausencia de gravidade  efeito  porem  e temporario e scott kelly ja voltou a altura normal
180562885329138_1158945684157515,210,encanadores acham barra de ouro de   kg ao reformar banheiro no canada alif babul e dean materi entregaram o objeto valiosos ao proprietario  dono tinha escondido barra no banheiro  mas nao conseguiu mais acha la
180562885329138_1158334010885349,397,homem descobre r    mil em seu nome   anos apos ajuizar acao trabalhador rural foi avisado do credito por equipe do trt  na bahia  homem foi demitido em   e entrou na justica pedindo verba rescisoria
180562885329138_1158051504246933,528,psicologa recebe ossada de  presente  no trabalho  diz prefeitura segundo a policia  esse e terceiro caso parecido em itaquaquecetuba  homem que pode ter problemas mentais esta sendo investigado
180562885329138_1158087770909973,515,australiano e flagrado se divertindo com cobra de estimacao em rio cena foi filmada em tallebudgera creek  no estado de queensland  enquanto brincava com reptil  jovem aparece segurando garrafa de cerveja
180562885329138_1157326237652793,337,clarao misterioso ilumina noite e assusta escoceses ainda nao se sabe se  bola da fogo  foi um meteoro  raios e fenomenos climaticos foram descartados
180562885329138_1157371094314974,412,cientistas monitoram ovos raros de  dragoes  em caverna na eslovenia anfibio proteus  que e cego e pode viver ate   anos  so coloca ovos uma ou duas vezes por decada  imagens sao transmitidas por camera
180562885329138_1157017094350374,191,motorista sobrevive apos carro cair  do  o ao  o andar de edificio garagem acidente ocorreu na tarde desta segunda feira    em salvador  veiculo caiu na parte interna do edificio  vitima foi resgatada consciente
180562885329138_1156903044361779,474,corpo mumificado de aventureiro alemao e encontrado sentado em iate pescadores acharam corpo sentado em mesa na sala de radio do barco  documentos sao de manfred bajorat  de   anos
180562885329138_1156674767717940,255,montanha mais alta do brasil  cresce    metro apos revisao de medida pico da neblina tem agora   metros de altitude  segundo o ibge  tecnicos aprimoraram metodo para medir altitudes de   montanhas do pais
180562885329138_1154531677932249,426,bananas vermelhas sao colhidas no oeste de sc  cacho pesava   kg engenheiro da epagri explica que casca avermelhada resulta de mutacao   o gosto e um pouquinho diferente  diz secretario de formosa do sul
180562885329138_1153928751325875,672,americana encontra perola rara enquanto jantava em restaurante perola quahog foi avaliada em cerca de us       lindsay hasz mordeu a perola ao comer ameijoas em washington
180562885329138_1153978481320902,1994,em um dia  mulher encontra   escorpioes em casa no norte de mg moradora de montes claros disse que bichos estavam no quintal dela  ela afirma que escorpioes comecaram a surgir depois do periodo chuvoso
180562885329138_1153923711326379,274,emprego que paga ate r    milhao por ano nao tem candidatos vaga e para medico na regiao de waikato  na nova zelandia  profissional ainda teria   meses de ferias e folgas nos fins de semana
180562885329138_1153792164672867,117,multi instrumentista de   anos e aprovado em   cursos de medicina sempre gostei de buscar desafios  diz estudante de campinas  jovem toca piano  saxofone  clarineta e flauta transversal
180562885329138_1153282348057182,11,uber comeca a apostar em viagens de moto servico de transporte alternativo lancou nova opcao na tailandia  ubermoto foi criado para driblar congestionamento na capital tailandesa
