124493634232128_1918180328196774,325,gilmar mendes diz que procuradoria aparentemente combinou versao com jbs   noticias   politica o presidente do tse   que a procuradoria geral da republica  ldquo aparentemente
124493634232128_1918115358203271,151,nao adianta fazer discurso para plateia  diz ministro nomeado por temer a relator   noticias   politica recem nomeado para o tse   pelo presidente michel temer  o ministro admar gonzaga criticou o relator herman benjamin durante o
124493634232128_1917828834898590,355,nao me atribua o que eu nao disse  diz gilmar a relator de julgamento no tse   noticias   politica em um novo bate boca durante o julgamento da chapa dilma temer  o presidente do tse    gilmar mendes  confrontou o relator do p
124493634232128_1916016851746455,60,tse decide convocar sessoes extra para julgar chapa dilma temer   noticias   politica o tse   e  se for necessario  realizar ses
124493634232128_1915798348434972,84,gilmar ironiza relator no tse e diz que ele deveria incluir tambem delacao da jbs   noticias   politica a decisao sobre como sera o rito de votacao no tse   provocou polem
124493634232128_1915756221772518,368,jbs comprou gado de fazendas flagradas com trabalho escravo e desmatamento ilegal   noticias   cotidiano a jbs comprou gado de fazendas que foram flagradas com trabalho escravo contemporaneo e desmatamento ilegal  a revelacao foi feita por investigacao da repo
124493634232128_1914938521854288,1391,mae deixa filha de um ano ser picada por cobra para ensinar uma licao valiosa   noticias   internacional uma mae nao identificada esta sendo detonada nas redes sociais apos postar um video em que deixa uma cobra picar sua filha de   ano e deve responder por ab
124493634232128_1914751668539640,72,temer pede  e fachin da ate sexta para presidente responder a pf   noticias   politica a poucos minutos de terminar o prazo para o presidente da republica  michel temer    responder as   perguntas feitas pela policia federal  a defesa d
124493634232128_1910379418976865,32,em meio a crise politica  julgamento de temer no tse tem batalha juridica  entenda   noticias   politica o tse
124493634232128_1909794485702025,1676,de camarao ggg a cerveja belga  mg gasta quase r    mil para abastecer palacios   noticias   politica o governo de minas gerais vai gastar quase r    mil para abastecer as cozinhas de tres palacios oficiais  das mangabeiras  residencia do governador ferna
124493634232128_1907509502597190,222,ex aluno da usp acusado de estupro obtem registro de medico em pernambuco   noticias   uol noticias reu em processo acusado de cometer estupro em   quando estudava medicina na universidade de sao paulo    daniel tarciso da silva cardoso obteve r
124493634232128_1907070362641104,148,morador barra plano de doria da nova cracolandia   noticias   saude sao paulo   em meio a revolta de moradores  a gestao do prefeito joao doria   suspendeu o plano emergencial de acolhimento dos usuarios de drogas da n
124493634232128_1904817102866430,405,desembargador manda soltar ex governador arruda e ex assessor de temer   noticias   politica o desembargador neviton guedes  do tribunal regional federal da  a regiao  determinou na noite desta quarta    ex
124493634232128_1904258819588925,45,temer da posse a torquato jardim como ministro da justica  sem presenca de serraglio   noticias   politica o presidente da republica  michel temer  deu posse nesta quarta feira   ao novo ministro da justica  torquato jardim  em cerimonia no palacio do planalt
124493634232128_1902581139756693,31,novo ministro da justica toma posse nesta quarta  transparencia tera interino   noticias   politica o palacio do planalto informou nesta terca feira    por meio de nota  que o ex ministro da transparencia torquato jardim tomara posse como ministro da j
124493634232128_1902565169758290,96,deputados do pmdb negam sondagem para assumir ministerio e ajudar loures   agencia estado   uol noticias dois dos tres deputados que a bancada do pmdb do parana tem hoje na camara disseram  ao menos publicamente  que nao foram sondados pelo palacio do planalto
124493634232128_1902396543108486,476,novo ministro da justica e aposta para defesa de temer   agencia estado   uol noticias 
124493634232128_1901028289911978,1219,o carrefour arrumou um jeito diferente de mostrar os precos e as pessoas nao reagiram bem   noticias   cotidiano se voce enxerga mal ou nao costuma ler as letrinhas pequenas nos anuncios de propaganda  vai entender por que este post publicado no dia   de maio ja foi
124493634232128_1900617863286354,323,pedido de vista em julgamento de chapa seria absolutamente normal  diz gilmar mendes   noticias   politica o ministro do stf   que nao e pap
124493634232128_1897564040258403,179,j f ganha   dos recursos no carf e poupa r    mi  indice e maior que a media geral de ganhos no orgao   noticias   politica as empresas dos irmaos wesley e joesley batista  donos da j f investimentos  controladora de marcas como jbs  friboi  seara e havaianas entre outras  incl
124493634232128_1896379730376834,138,temer pede sorteio de relator no stf e separacao de inquerito contra aecio   noticias   politica os advogados do presidente michel temer   para que o inquerito contra o presidente seja novamente sorteado entre os min
124493634232128_1894701717211302,52,justica autoriza aumento de passagem de onibus para r    no rio  prefeitura vai recorrer   agencia estado   uol noticias a justica do rio de janeiro determinou que a prefeitura reajuste o valor da passagem de onibus para r    a decisao liminar e da juiza roseli nalin  da
124493634232128_1894661260548681,273,o brasil nao parou e nao vai parar  diz temer apos manifestacoes   noticias   politica um dia apos manifestacoes que deixaram   feridos e oito presos em brasilia  o presidente da republica  michel temer    afirmou  em video publicado na
124493634232128_1894163803931760,25,temer sanciona lei de migracao com vetos   agencia estado   uol noticias 
124493634232128_1894186757262798,659,sucessao de rodrigo janot tem   candidatos   agencia estado   uol noticias oito candidatos se apresentaram nesta quarta feira  dia   para concorrer ao cargo de procurador geral da republica  rodrigo janot decidiu nao tentar o qu
124493634232128_1893815897299884,249,grande acerto  diz jungmann sobre convocacao das forcas armadas   agencia estado   uol noticias 
124493634232128_1893670740647733,3250,governo aprova texto base de mp que reajusta remuneracao do executivo   agencia estado   uol noticias 
124493634232128_1893319924016148,456,sem oposicao em plenario  camara aprova mp   sobre venda de terras   agencia estado   uol noticias a base aliada do governo se aproveitou da ausencia da oposicao em plenario para aprovar nesta quarta feira    a mp   que impoe novas regras para regul
124493634232128_1892835727397901,29,familia de abedi  terrorista de manchester  tem raizes no movimento radical libio   noticias   internacional salman abedi    apontado como sendo o terrorista que promoveu o ataque em manchester  e seus irmaos viviam em manchester desde que seus pais nbsp ramada
124493634232128_1892612684086872,2518,camara decide manter salario de r    mil de rocha loures  deputado da mala de propina   noticias   politica a mesa diretora da camara dos deputados decidiu manter o salario de r    e o plano de saude do deputado afastado rodrigo rocha loures    a
124493634232128_1892316354116505,820,questao tao grave como impeachment nao pode ser avaliada no drive thru  diz maia   agencia estado   uol noticias o presidente da camara dos deputados  rodrigo maia   que tenha engavetado os pedidos de impeachment do presidente mic
124493634232128_1892141917467282,808,dem e psdb querem nome de consenso para barrar movimento por  diretas    agencia estado   uol noticias o agravamento da crise politica fez o psdb e o dem intensificarem as articulacoes de bastidores na tentativa de barrar a possibilidade de eleicao direta pa
124493634232128_1891272890887518,671,peemedebista retira pec das eleicoes diretas da pauta da ccj  oposicao recorre   noticias   politica o presidente da ccj   a pec
124493634232128_1889265614421579,70,stf arquiva acao contra ex presidente do hopi hari por morte na la tour eiffel   noticias   cotidiano o ministro celso de mello  do stf    decidiu  na ultima quinta feira  que o ex presidente do parque hopi hari  armando pereira fil
124493634232128_1885857091429098,137,supremo decide na quarta se suspende inquerito contra temer  audios serao periciados   noticias   politica o supremo tribunal federal anunciou neste sabado    s
124493634232128_1885014971513310,2264,partidos aliados articulam saida negociada para evitar eleicoes diretas   agencia estado   uol noticias partidos aliados de primeira hora do presidente michel temer buscam uma saida negociada com o planalto que seja uma continuidade do que  para eles  vem dan
124493634232128_1884197824928358,95,gestao doria quer identidade visual para carros de aplicativos como uber   agencia estado   uol noticias 
124493634232128_1881942061820601,1048,nao renunciarei  diz temer apos delacao da jbs   noticias   politica nao renunciarei  repito  nao renunciarei  sei o que fiz e sei a correcao dos meus atos  exijo investigacao plena e muito rapida para os esclarecimentos ao
124493634232128_1880606611954146,867,mulher diz que delegado perguntou se foi o guarda roupas apos relatar agressao de ex   noticias   cotidiano uma agressao ganhou repercussao nesta quarta feira   na paraiba  a vendedora flavia batista florencio  moradora de pianco  foi ate a delegacia denunciar
124493634232128_1879094305438710,61,temer desiste de permitir voos em classe executiva para autoridades   noticias   politica o presidente michel temer decidiu nesta terca feira   recuar e manter o veto a compra de passagens aereas em classe executiva para politicos e autoridad
124493634232128_1878405688840905,192,prorrogacao de calamidade evita impeachment de pezao  diz especialista   noticias   cotidiano os deputados da alerj   a ampliacao do estado de calamidade publica financeira no est
124493634232128_1877670948914379,1588,ministro diz que brasil prepara plano para receber refugiados da venezuela   noticias   uol noticias o ministro da defesa  raul jungmann  disse nesta segunda feira   que o brasil esta se preparando para receber oficialmente refugiados venezuelanos que f
124493634232128_1873988369282637,266,em defesa de reforma  barroso diz que previdencia publica transfere  mais r  bi  de renda de pobres para ricos   bbc   uol noticias o ministro luis roberto barroso  do supremo tribunal federal  defendeu na manha deste sabado a reforma da previdencia  para o ministro  a idade minima de a
124493634232128_1872140049467469,17,policia do rio apura se suspeitos de estupro coletivo tentaram violentar outra adolescente   noticias   cotidiano a policia civil do rio de janeiro constatou que havia uma segunda adolescente na cena do estupro coletivo contra uma estudante de   anos  em mesquita  na
124493634232128_1870137259667748,239,carmen lucia quer tempo para decidir sobre impedimento de gilmar mendes   agencia estado   uol noticias 
124493634232128_1868138999867574,104,carmen rejeitou   de   pedidos de impedimento de ministros do stf   agencia estado   uol noticias a presidente do stf    ministra carmen lucia  rejeitou nove dos dez pedidos de impedimento de ministros da corte recebidos desde s
124493634232128_1864876333527174,375,toffoli decide ouvir pgr antes de decisao sobre pedido de soltura de empresarios   agencia estado   uol noticias o ministro dias toffoli  do supremo tribunal federal    decidiu ouvir a procuradoria geral da republica e deu a vista dos autos a pgr antes de delibera
124493634232128_1864105180270956,44,programa na alemanha promete tratamento  em vez de punicao  a pedofilos   noticias   internacional a alemanha emprega e preve nbsp ampliar o financiamento a um programa que oferece nbsp uma abordagem diferenciada do problema da violencia sexual infantil
124493634232128_1864075793607228,282,deputado propoe elevar teto salarial de servidores em sp  impacto seria de r    mi   noticias   politica tramita na assembleia legislativa de sao paulo uma proposta de mudanca do teto salarial do funcionalismo publico no estado  se aprovada  a medida deve ter
124493634232128_1860364197311721,222,dois presos na lava jato pedem extensao de habeas corpus concedido a dirceu   agencia estado   uol noticias as defesas dos empresarios flavio henrique de oliveira macedo e eduardo aparecido de meira  que estao presos preventivamente na operacao lava jato  entrara
124493634232128_1859788267369314,208,lei da migracao deve ser sancionada com poucos vetos   agencia estado   uol noticias o senado enviou ontem oficialmente para o palacio do planalto o projeto da nova lei de migracao  a proposta foi aprovada no dia   agora  o texto deve ser
124493634232128_1859611514053656,57,na onu  governo brasileiro diz que crise impoe sacrificios   agencia estado   uol noticias o governo brasileiro declara na onu que a atual crise economica no pais  impoe sacrificios  no curto prazo  mas que o plano economico e reformas vao gerar
124493634232128_1858931987454942,4027, oficio assinado pelo presidente da camara se difundiu pelas redes sociais como  prova
124493634232128_1857922657555875,27,extradicao de acusado de matar menino joaquim pode levar ate   anos na espanha   noticias   cotidiano o brasileiro guilherme longo  acusado da morte do enteado  o menino joaquim pontes marques  de   anos  em   esta preso desde quinta feira   na espa
124493634232128_1857310827617058,274,veiculo militar avanca sobre manifestantes em ato contra maduro na venezuela   noticias   internacional um veiculo da guarda nacional bolivariana avancou sobre manifestantes em nbsp altamira  na venezuela  em todo o pais  mais de   pessoas ficaram feridas n
124493634232128_1856776417670499,453,gilmar diz que voto que libertou dirceu no stf e  historico    noticias   politica o ministro do stf    como  lsquo historico rsquo  seu voto no julgamento da  a t
124493634232128_1855932437754897,898,gilmar critica procurador da lava jato  brincadeira quase juvenil   noticias   uol noticias o ministro do supremo tribunal federal   em curitiba de nova
124493634232128_1855815961099878,42,conflitos a gente nao tem como evitar  diz presidente da funai   agencia estado   uol noticias 
124493634232128_1855448474469960,967,gilmar diz que pressao da lava jato no stf e  rabo abanando o cachorro    noticias   politica o ministro do stf   que a decisao dos procuradores da forca tarefa da lava jato de apr
124493634232128_1854841714530636,55,stf deve julgar pedido de soltura de jose dirceu nesta terca   noticias   politica o julgamento do habeas corpus do ex ministro da casa civil jose dirceu nbsp esta previsto para a sessao desta terca feira   do stf nbsp supremo tribunal
124493634232128_1850289378319203,1931,precisamos de reforma da previdencia para garantir aposentadorias  diz temer   agencia estado   uol noticias 
124493634232128_1850117928336348,1047,depois de entrevistar temer  ratinho grava video no planalto defendendo reformas   noticias   politica o apresentador do sbt carlos roberto massa  o ratinho  gravou video no palacio do planalto defendendo as reformas trabalhista e da previdencia propostas pe
124493634232128_1849876491693825,721,temer diz que pequenos grupos bloquearam rodovias e avenidas e nao cita greve   noticias   cotidiano o presidente michel temer   comentando as manifestacoes ocorridas durante todo o dia  o texto na
124493634232128_1847183781963096,9,mps compradas pela odebrecht tiveram   vezes mais emendas que media   noticias   politica as mps   citadas por delatores da odebrecht receberam um numero de emendas no congresso   vezes maior que a media das demais que tran
124493634232128_1847852535229554,43,acusado de matar joaquim  padrasto fugiu do brasil com documentos falsos   agencia estado   uol noticias preso pela interpol na manha desta quinta feira    em barcelona  na espanha  guilherme longo  acusado da morte do enteado  o menino joaquim pontes marq
124493634232128_1846814768666664,347,morte de idoso na marginal do tiete foi por  imprudencia  diz doria   agencia estado   uol noticias em entrevista coletiva nesta quarta feira    o prefeito de sao paulo  joao doria    descartou que os acidentes nas marginais do tiete e do pinheiros
124493634232128_1846752622006212,61,adriana ancelmo ficara em prisao domiciliar ate julgamento de recurso   noticias   politica a justica federal do rio de janeiro informou na noite desta quarta feira    continuara
124493634232128_1846735338674607,137,veja como cada senador votou sobre projeto de abuso de autoridade   noticias   politica por   votos a   o nbsp plenario do senado aprovou nesta quarta feira   o projeto nbsp que modifica a lei dos crimes de abuso de autoridade  que preve
124493634232128_1846515178696623,58,eunicio diz que projeto de abuso de autoridade e fim do foro serao votados hoje   agencia estado   uol noticias 
124493634232128_1846106992070775,150,relator acata sugestoes  e comissao do senado aprova projeto do abuso de autoridade   noticias   politica a ccj   o projeto que modifica a lei dos crimes de abuso de autoridade  apos o
124493634232128_1845588362122638,65,indignado com o foro privilegiado  lei permite sustar acao penal contra parlamentar   noticias   politica se voce acha injusta a existencia de um foro privilegiado para politicos que respondem a crime  saiba que ha um outro dispositivo legal  mas menos conheci
124493634232128_1845263335488474,658,alexandre de moraes toma posse como ministro substituto do tse   agencia estado   uol noticias o ministro alexandre de moraes  do stf   como ministro substituto do tse  tribunal su
124493634232128_1845004605514347,489,por semiaberto  madrasta de isabella nardoni tera que passar por avaliacao psicologica   noticias   cotidiano condenada a   anos e oito meses de prisao pelo assassinato da pequena isabella nardoni em   anna carolina jatoba pode ser transferida para o regime se
124493634232128_1844968065518001,78,stf concede liberdade a genu  condenado na lava jato e no mensalao   noticias   politica a  a turma do stf   conceder o pedido de liberdade do ex tesoureiro do pp joao claudio genu  que es
124493634232128_1844795432201931,19,julgamento da chapa dilma temer deve ser retomado em maio  diz gilmar mendes   agencia estado   uol noticias o presidente do tribunal superior eleitoral   que o julgamento da acao contra a chapa de dilma ro
124493634232128_1844828318865309,442,stf revoga prisao domiciliar e poe em liberdade pecuarista jose carlos bumlai   agencia estado   uol noticias 
124493634232128_1844024295612378,74,chefe de obras de cabral e pezao e mantido no governo mesmo apos virar reu na lava jato   noticias   politica reu em acao penal da operacao lava jato no rio de janeiro  o engenheiro civil icaro moreno junior  ha dez anos presidente da emop  empresas de obras public
124493634232128_1842486035766204,12,como marqueteiros se tornaram pecas da engrenagem do caixa     noticias   politica as delacoes dos   executivos da odebrecht na operacao lava jato evidenciaram quando nbsp as funcoes dos marqueteiros vao alem de coordenar a comunicacao d
124493634232128_1842079469140194,129,temer avisa aliados que nao ha espaco para  concessoes  em reformas   agencia estado   uol noticias em reuniao no palacio do jaburu na noite deste domingo   com ministros e lideres da base aliada  o presidente michel temer disse que nao havera novas mu
124493634232128_1841961975818610,378,temer reune ministros para mapear apoio da reforma da previdencia   agencia estado   uol noticias o presidente michel temer esta reunido na tarde deste domingo  dia   com os ministros da fazenda  henrique meirelles  e da secretaria de governo  antonio
124493634232128_1839677846047023,921,temer afirma que escandalo de corrupcao nao afetara agenda de reformas   noticias   uol noticias brasilia    abr    o presidente michel temer afirmou em entrevista a agencia efe que a crise politica deflagrada no pais por graves escandalos de
124493634232128_1838433352838139,1561,justica inocenta medica acusada de matar pacientes em curitiba   noticias   cotidiano a medica virginia helena soares de souza foi inocentada da acusacao de matar nbsp sete pacientes  entre   e   na uti
124493634232128_1836610656353742,84,temer enquadra siglas  infieis  para aprovar reformas   agencia estado   uol noticias diante de sinais de rebeliao no congresso  a cupula do governo endureceu o tom e decidiu cobrar dos ministros que enquadrem as bancadas aliadas  sob pena d
124493634232128_1835776966437111,2627,temer comemora aprovacao da urgencia da reforma trabalhista   agencia estado   uol noticias 
124493634232128_1835492569798884,9,eunicio diz que pautara projeto dos estados assim que a proposta chegar ao senado   agencia estado   uol noticias 
124493634232128_1835228989825242,175,tribunal mantem absolvicao do goleiro bruno pelo crime de corrupcao de menor   noticias   cotidiano o tj mg   a absolvicao do goleiro do boa esporte  bruno fernandes    pelo crime de co
124493634232128_1834435583237916,1550,congresso reage a lava jato com serie de propostas para blindar politicos   noticias   politica aumento de verbas para campanha eleitoral  anistia ao caixa   voto em lista fechada  mudanca lei de abuso de autoridade para magistrados  procuradores e p
124493634232128_1832248650123276,345,proponho que se vote reforma trabalhista antes da previdenciaria  diz temer   agencia estado   uol noticias o presidente michel temer   um cronograma de votacao de reformas no congresso que coloca as mudancas na legislacao tra
124493634232128_1832150266799781,41,nesta terca  governo tera  o teste no congresso apos lista de fachin   agencia estado   uol noticias com   deputados e   senadores na lista dos politicos que serao investigados com base nas delacoes da odebrecht  o congresso tenta retomar os trabalhos ne
124493634232128_1832078346806973,1349,nao e uma delacao qualquer que vai parar o pais  diz temer sobre odebrecht   noticias   politica o presidente michel temer   no telejornal  sbt brasil  que  uma delacao qualquer  nao
124493634232128_1831337593547715,187,temer segue nas articulacoes para nao atrasar calendario de reformas   agencia estado   uol noticias 
124493634232128_1831811920166949,292,mp denuncia por homicidio pms flagrados atirando em homens caidos  mas pede que sejam soltos   noticias   cotidiano o ministerio publico do rio de janeiro denunciou os policiais militares fabio de barros dias e o david gomes centeno por homicidio doloso  quando ha intenc
124493634232128_1830554496959358,199,relator da previdencia diz que pretende manter idade minima de   anos   agencia estado   uol noticias o relator da reforma da previdencia  deputado arthur oliveira maia    afirmou ha pouco que a idade minima de   anos para homens e mulheres  continu
124493634232128_1829421560405985,19,de r    mil a r    mi  como a odebrecht inflou o caixa   das campanhas em dez anos   noticias   politica entao presidente do jockey club de sao paulo  o empresario marcio toledo havia convidado o executivo do grupo odebrecht carlos armando guedes paschoal para
124493634232128_1827125747302233,167,pastor e preso em cuiaba por suspeita de estupro de menores   agencia estado   uol noticias 
124493634232128_1827035857311222,97,atual cupula do congresso e acusada de vender mp em     agencia estado   uol noticias uma das acusacoes mais fortes da odebrecht a atual cupula do congresso nacional e a de recebimento de vantagens indevidas para a aprovacao de medidas provi
124493634232128_1824297987585009,20,odebrecht pagou r    milhoes por vantagens na area de saneamento basico   noticias   politica a odebrecht pagou ao menos r    milhoes em propinas a politicos e em caixa   para campanhas eleitorais para obter vantagens em obras e concessoes de se
124493634232128_1823277544353720,650,mulher e agredida com garrafa apos  dar um fora  em rapaz em sp   agencia estado   uol noticias uma estudante de   anos foi agredida em uma casa noturna por volta de  h  do sabado passado  dia   na rua cardeal arcoverde  em pinheiros  bairro da zo
124493634232128_1822814074400067,130,temer nao afastara ninguem neste momento   agencia estado   uol noticias o presidente michel temer ja sabia que os pedidos de investigacao autorizados pelo relator da lava jato no supremo tribunal federal    edson fachin  at
124493634232128_1821528761195265,219,lava jato no rio diz que corrupcao na saude continua na gestao pezao   noticias   politica procuradores da forca tarefa da lava jato no rio de janeiro dizem acreditar que o esquema de fraudes na saude publica do estado  revelado nesta terca feira
124493634232128_1821845304496944,82,fachin arquiva inqueritos contra imbassahy e jungmann  ministros de temer   noticias   politica o ministro do stf edson fachin  relator da operacao lava jato na corte  arquivou pedidos de abertura de inqueritos contra os ministros antonio imbassahy  s
124493634232128_1821831987831609,55,pm nao relata nome em b o  e agressor de biomedica segue sem identificacao   noticias   cotidiano agredida diante de policiais militares na madrugada de sexta feira  na saida de uma casa noturna de curitiba    a biomedica carla barfknecht sequer tem
124493634232128_1821223881225753,179,esquema de fraude na saude do rj somou r    mi  diz mpf  cabral embolsou r    mi   noticias   politica o ministerio publico federal e a receita federal estimam que um esquema de fraude em compras de proteses e equipamentos medicos pela secretaria de estado d
124493634232128_1821118631236278,12,suspeito de ataque com caminhao em estocolmo admite ato terrorista a justica   reuters   uol noticias o principal suspeito do ataque com caminhao em estocolmo que matou quatro pessoas e deixou   feridos  rakhmat akilov  admitiu ter cometido um crime terror
124493634232128_1821225317892276,162,esquema de fraude na saude do rj somou r    mi  diz mpf  cabral embolsou r    mi   noticias   politica o ministerio publico federal e a receita federal estimam que um esquema de fraude em compras de proteses e equipamentos medicos pela secretaria de estado d
124493634232128_1820386877976120,946,temer  quanto mais se falar na reforma  mais facil nos a aprovaremos   agencia estado   uol noticias 
124493634232128_1819886418026166,1724,jovem e agredida em balada e relata que ouviu   pela roupa  voce pediu    noticias   cotidiano uma biomedica de   anos foi agredida dentro de uma casa noturna de curitiba na madrugada de sexta feira  de acordo com relato de carla barfknecht  ela foi
124493634232128_1819521221396019,33,mec publica edital do enem   taxa de inscricao sobe para r      agencia estado   uol noticias 
124493634232128_1817027344978740,273,exames com resultado normal sao desperdicio para o sus  diz ministro da saude   noticias   saude o ministro da saude  ricardo barros  afirmou que   dos exames de imagem no sus   tem resultado normal  e que isso representa  des
124493634232128_1816586941689447,20,policia sueca detem suspeito de ataque em estocolmo  homem e do uzbequistao   noticias   internacional a policia nacional da suecia anunciou neste sabado   que deteve um suspeito do ataque com um caminhao de entrega de bebidas em estocolmo  que matou quatr
124493634232128_1815788261769315,17,conselheiros do tce rj deixam presidio de bangu   agencia estado   uol noticias 
124493634232128_1814015795279895,660,novo ministro do tse indica que corte pode absolver temer levando em conta tambem momento do pais   reuters   uol noticias o advogado e futuro ministro do tribunal superior eleitoral   admar gonzaga indicou que a corte podera eventualmente decidir absolver o atual president
124493634232128_1813894971958644,431,pms sao indiciados pelos homicidios de homens em frente a escola no rio   agencia estado   uol noticias o sargento david centeno e o cabo fabio dias foram indiciados pelo homicidio qualificado de alexandre santos albuquerque e julio cesar ferreira de jesus  a
124493634232128_1813052958709512,84,agencia aluga e reforma imovel de senador com gasto de r    milhoes   agencia estado   uol noticias o aluguel de um imovel no centro da capital federal pela agencia brasileira de desenvolvimento industrial   em   durante a gestao de alessandro te
124493634232128_1811128485568626,23,as fileiras de presos politicos engrossam com o enfraquecimento da democracia na venezuela   noticias   internacional para braulio jatar  era o maior furo jornalistico dos ultimos anos  o presidente da venezuela sendo perseguido por uma multidao berrando de fome  batendo e
124493634232128_1811408168873991,55,prefeitura de sp quer vender mil imoveis e criar fundo imobiliario   agencia estado   uol noticias a gestao joao doria   quer criar um fundo imobiliario municipal com base na venda ou no leilao de mais de mil imoveis publicos atualmente sem uso  ent
124493634232128_1810017849013023,16,delator de cabral revela engenhosa rede de comunicacao paralela   agencia estado   uol noticias um dos delatores do esquema de propinas atribuido ao ex governador do rio sergio cabral    o doleiro marcelo chebar revelou a procuradoria da republic
124493634232128_1810484725633002,76,emenda aprovada por deputados pode inviabilizar servicos como o uber   agencia estado   uol noticias 
124493634232128_1809473865734088,438,camara gasta r    mi em   ano com passagens aereas  paulinho da forca e o campeao   noticias   politica a camara gastou em bilhetes aereos para os deputados federais r    de marco de   ate o mesmo mes deste ano  os dados constam do controle cid
124493634232128_1809771442370997,41,tse decide retomar depoimentos e atrasa decisao sobre acao chapa dilma temer   noticias   politica na primeira sessao de julgamento da acao que pede a cassacao da chapa que reelegeu dilma rousseff   em nbsp  nesta terca feir
124493634232128_1809678949046913,255,maioria do tse decide dar mais prazo para defesa de dilma e julgamento devera ser adiado   noticias   politica no primeiro dia do julgamento sobre a cassacao da chapa dilma temer  nesta terca feira   decidiu
124493634232128_1808485265832948,66,herdeiro da red bull acusado de atropelamento de policial vem escapando de julgamento ha   anos   bbc   uol noticias o caso de um jovem acusado pela morte de um policial na tailandia tem exposto a dificuldade de levar os super ricos do pais a justica  vorayuth yoovidhaya
124493634232128_1808334789181329,164,secretario municipal de educacao culpa pms por morte de menina em escola no rio   noticias   cotidiano o secretario municipal de educacao do rio  cesar nbsp benjamin  publicou na madrugada de domingo   um texto no qual culpa policiais militares pela morte
124493634232128_1806576262690515,14,pontos criticos do projeto de abuso de autoridade sob o olhar de um procurador   noticias   politica por mais de um mes  um grupo especial formado por nbsp quatro procuradores  um promotor de justica e tres juizes se debrucou sobre um texto nbsp com o obje
124493634232128_1803033736378101,269, o governo federal lan ccedil ou no final do ano passado uma campanha publicit aacute ria em defesa da reforma da previd ecirc ncia  v iacute deos e an uacute ncios com informa ccedil otilde es sobre a situa ccedil atilde o financeira do sistema de se
124493634232128_1802532566428218,64,a previdencia e mesmo deficitaria    noticias   uol noticias associacao de auditores fiscais aponta superavit  contrariando argumento usado pelo governo para reforma previdenciaria  calculo dos criticos usa dados de
124493634232128_1802384646443010,3084,deputado do pmdb compra   passagens aereas em um dia com dinheiro da camara   noticias   politica mesmo com o congresso em recesso desde o dia   de dezembro  a semana entre o natal e o ano novo foi agitada na agencia de viagens que atende a camara dos
124493634232128_1802237763124365,369,julgamento da chapa dilma temer deve ser interrompido por pedido de vista   agencia estado   uol noticias 
124493634232128_1801959469818861,266,senadores tentam apressar lei do abuso de autoridade para compensar fim de foro   noticias   politica a tramitacao em regime de urgencia da pec   que preve o fim do foro privilegiado  que pode ser votada a partir da semana
124493634232128_1801426453205496,549,salario de r    mil  mandato vitalicio e indicacao politica  o que fazem os conselheiros do tce    noticias   politica com salario de r    mil  carreira vitalicia e direito a empregar ate   cargos comissionados  o cargo de conselheiro do tce
124493634232128_1801300199884788,854,tentativa de estupro e flagrada por camera de seguranca no interior de sao paulo   noticias   cotidiano a luz do dia nao inibiu a acao de um homem que tentou violentar uma adolescente de   anos em votorantim  cidade no interior de sao paulo  a garota voltava
124493634232128_1801143009900507,163,no mexico  juiz absolve acusado de estupro afirmando que ele nao satisfez apetite sexual   noticias   internacional um jovem foi absolvido da acusacao de estupro de uma menor de idade depois que o juiz considerou que ele nao  satisfez seu apetite sexual  e  nao tinha int
124493634232128_1800914969923311,185,apos vistoria  justica do rio manda soltar mulher de sergio cabral   noticias   politica juiz marcelo bretas  da justica federal do rio  concedeu alvara de soltura a adriana ancelmo  mulher de sergio cabral  ex governador do rio  ela vai cumpri
124493634232128_1800103196671155,70,temer  ajuste na reforma previdenciaria mantera espinha dorsal intacta   agencia estado   uol noticias 
124493634232128_1794883023859839,419,stj autoriza mulher de cabral a cumprir pena em prisao domiciliar   agencia estado   uol noticias 
124493634232128_1794084493939692,966,ministra do stj autoriza prisao domiciliar para adriana ancelmo   noticias   politica a ministra maria thereza de assis moura do stj   conceder prisao domiciliar para adr
124493634232128_1792150544133087,144,desenterrado  projeto de terceirizacao foi aprovado sem discussao no senado em     noticias   politica com quorum baixo e sem discussao  foi assim que o senado aprovou  ainda em   o projeto de lei que libera a terceirizacao ampla e que foi votado na ulti
124493634232128_1791219977559477,27,temer diz nao ver com simpatia proposta de voto em lista fechada   noticias   politica o presidente michel temer disse nao ver com simpatia a mudanca eleitoral para voto em lista fechada  a qual vem sendo pretendida pelo congresso e represent
124493634232128_1791347650880043,821,camara gasta r    milhao com comida para deputados  zeca dirceu e freire sao campeoes   noticias   politica em um ano    deputados federais pediram ressarcimento de r    em refeicoes consumidas pelo pais  de acordo com o servico controle cidadao  do
124493634232128_1790768510937957,225,randolfe  senadores usam fim do foro para justificar aprovacao da lei do abuso   agencia estado   uol noticias o senador randolfe rodrigues   afirmou que parlamentares estao usando o  clamor da sociedade  pelo fim do foro privilegiado para justificar a aprov
124493634232128_1790318064316335,302,ao lado de alvos da lava jato  moraes toma posse no stf   noticias   politica o advogado e ex ministro da justica alexandre de nbsp moraes    tomou nbsp posse nesta quarta feira   no cargo de ministro do stf  supremo tribunal fe
124493634232128_1789140041100804,474,meirelles deu aval para mudanca em reforma da previdencia   agencia estado   uol noticias interlocutores do presidente michel temer asseguraram que a decisao de retirar os servidores estaduais e municipais da reforma da previdencia  anunciada na
124493634232128_1786517414696400,536,apos posse no supremo  alexandre de moraes deve assumir vaga no tse   agencia estado   uol noticias apos tomar posse no supremo tribunal federal  nesta quarta feira    alexandre de moraes deve ser indicado tambem pela corte para assumir uma vaga de sub
124493634232128_1786757398005735,278,padilha reune todos os ministerios para pedir empenho pela reforma da previdencia   agencia estado   uol noticias 
124493634232128_1786414611373347,279,por que tantos politicos agora defendem voto em lista fechada   e o que isso tem a ver com a lava jato    bbc   uol noticias enquanto a procuradoria geral da republica finalizava e encaminhava ao supremo tribunal federal dezenas de pedidos de investigacao contra politicos com for
124493634232128_1785527098128765,30,papelao e substancia cancerigena ou exagero  o que se sabe   e o que e duvida   na operacao carne fraca   bbc   uol noticias carne com papelao  vitamina c cancerigena na salsicha  desde que a operacao  carne fraca  da policia federal foi deflagrada na ultima sexta feira  as infor
124493634232128_1782180541796754,162,fachin manda arquivar inquerito contra deputado suspeito de praticar tortura   agencia estado   uol noticias o ministro edson fachin  do supremo tribunal federal  acolheu pedido do procurador geral da republica  rodrigo janot  e determinou o arquivamento do inquer
124493634232128_1782020961812712,5011,frigorificos utilizavam vitamina c para mascarar carne estragada  diz pf   noticias   cotidiano alem da corrupcao de agentes publicos ligados ao ministerio da agricultura  a  operacao carne fraca  deflagrada nesta sexta feira   tambem verificou irr
124493634232128_1780685725279569,1117,fachin manda arquivar citacoes de sergio machado sobre aecio   agencia estado   uol noticias o ministro edson fachin  do supremo tribunal federal    mandou arquivar as citacoes do ex presidente da transpetro sergio machado  um dos delatores da
124493634232128_1779774538704021,288,senadores da base tentam acelerar projeto que endurece regra sobre greve   agencia estado   uol noticias no mesmo dia em que manifestacoes e greves gerais tomaram o pais contra as reformas previdenciaria e trabalhista  senadores da base do governo tentaram ace
124493634232128_1777448758936599,415,temer convoca reuniao com parlamentares para analisar nova lei da salvacao   agencia estado   uol noticias pressionados pelo avanco da lava jato e as vesperas do envio da lista do procurador geral da republica  rodrigo janot  ao supremo tribunal federal    i
124493634232128_1776798465668295,38,lideres da base aliada manifestam apoio a padilha apos reuniao no planalto   agencia estado   uol noticias apos reuniao com todos os lideres da base aliada no planalto para discutir a estrategia de defesa da reforma da previdencia em tramitacao na camara  o lide
124493634232128_1776616985686443,137,policiais admitem que mentiram e forjaram confronto com vitima em sp   noticias   uol noticias durante juri popular  dois dos tres policiais acusados pela morte de paulo henrique porto de oliveira  morto no dia   de setembro de   na regiao do but
124493634232128_1774558705892271,54,fundo partidario banca de jatinhos a contas pessoais   agencia estado   uol noticias 
124493634232128_1773470586001083,555,ministro do stf rejeita recurso da mae de eliza samudio contra soltura de bruno   agencia estado   uol noticias autor da decisao que libertou o goleiro bruno fernandes  o ministro marco aurelio mello  do supremo tribunal federal  rejeitou o recurso em que sonia de fa
124493634232128_1772974546050687,457,camara ganhara novo predio em brasilia por r    milhoes   agencia estado   uol noticias 
124493634232128_1771551639526311,2776,cacadores de sp matam onca pintada e exibem  trofeu  em redes sociais   agencia estado   uol noticias tres cacadores mataram uma onca pintada  maior felino das americas e ameacada de extincao  durante uma cacada clandestina na reserva de mata atlantica de u
124493634232128_1771812972833511,211,condenado a   anos  abdelmassih tenta indulto para deixar a prisao   agencia estado   uol noticias o medico roger abdelmassih  condenado a   anos pelo estupro de pacientes de sua clinica de reproducao assistida  passou por uma pericia medica nesta sext
124493634232128_1769612689720206,62,procuradoria pede ao stj arquivamento de inquerito contra pezao   agencia estado   uol noticias o vice procurador geral da republica jose bonifacio borges de andrada pediu ao superior tribunal de justica   o arquivamento da investigacao sobre o go
124493634232128_1766222586725883,16,em posse de ministros  temer tenta agradar congresso e exalta uniao   noticias   politica o presidente michel temer   como m
124493634232128_1763411043673704,429,congresso  trava    pecs sobre fim do foro privilegiado   agencia estado   uol noticias uma das principais bandeiras dos primeiros grandes protestos de rua de   marcados para o dia   deste mes  o fim do foro privilegiado esta emperrado no
124493634232128_1760775360603939,1034,reduzir pena de estupro de vulneravel e como  licenca  para violencia  diz ong   agencia estado   uol noticias a proposta do  o vice presidente da camara  deputado fabio ramalho    de reducao de   a   da pena para o crime de estupro de vulneravel quando
124493634232128_1760100877338054,195,bruno chega ao rio  vai se exercitar e passar o tempo com a familia  diz defesa   agencia estado   uol noticias o ex goleiro do flamengo bruno fernandes  acusado pelo assassinato da modelo eliza samudio  em   chegou na noite desta quinta feira    ao rio de janei
124493634232128_1759851920696283,3915,projeto reduz a pena por estupro de vulneravel   agencia estado   uol noticias primeiro vice presidente da camara  o deputado fabio ramalho   propoe diminuir de   a   a pena para o crime de estupro de vulneravel quando o a
124493634232128_1758676824147126,1399,ex goleiro bruno quer exame de dna de filho com eliza   noticias   cotidiano o ex goleiro bruno fernandes  que deixou a prisao nbsp na ultima sexta feira    pretende fazer um exame de dna antes de uma possivel aproximacao com o f
124493634232128_1755530271128448,277,maia emperra cpis para investigar une e carf   agencia estado   uol noticias em mais de sete meses de gestao  maia autorizou a criacao de duas cpis   uma para investigar a fundacao nacional do indio   e o instituto nacional de
124493634232128_1752441344770674,2292,bruno diz que nada traria eliza samudio de volta   agencia estado   uol noticias independentemente do tempo que fiquei  tambem quero deixar bem claro  se ficasse la  se tivesse prisao perpetua  nao ia trazer a vitima de volta  ressalt
124493634232128_1752339074780901,12,partidos poupam filiados envolvidos na lava jato   agencia estado   uol noticias a lei   que rege a existencia dos partidos politicos  determina em seu artigo   que  a responsabilidade por violacao dos deveres partidarios deve
124493634232128_1751776171503858,2664,procuradora do rs culpa vitimas da kiss por estarem bebadas e revolta familiares   noticias   cotidiano uma procuradora de santa maria   causou revolta em familiares das vitimas do incendio na boate kiss  que matou   pessoas em janeiro de   ao sugeri
124493634232128_1751133071568168,705,por que o ministro marco aurelio deu liberdade ao goleiro bruno   noticias   cotidiano preso em   de agosto de   o ex goleiro do flamengo bruno fernandes de souza    foi condenado  no dia   de marco de   a passar   anos e tres mese
124493634232128_1750159211665554,1529,deputados de alagoas derrubam veto e aumentam proprio salario para r    mil   noticias   politica deputados estaduais derrubaram o veto do governador de alagoas  renan filho    e aumentaram os proprios salarios em   na ultima sessao da assembleia
124493634232128_1749600681721407,439,bruno chorou e ficou muito emocionado ao saber de soltura  diz advogado   noticias   cotidiano o ex goleiro do flamengo bruno fernandes de souza     ficou muito emocionado e chorou  ao saber da liminar assinada pelo ministro marco aurelio mello  do
124493634232128_1749409888407153,1796,ministro marco aurelio  do stf  manda soltar ex goleiro bruno   noticias   cotidiano o ministro do stf   marco aurelio mello concedeu liberdade ao ex goleiro do flamengo bruno fernandes de souza    preso desde
124493634232128_1748636531817822,54,temer oficializa osmar serraglio como novo ministro da justica   noticias   politica dezessete dias apos alexandre de moraes nbsp se licenciar do cargo  o ministerio da justica tem um novo titular  osmar serraglio nbsp    o deputado
124493634232128_1747445208603621,31,serra e aecio vao discutir sucessao no itamaraty  vaga deve ficar com psdb   agencia estado   uol noticias o ministro demissionario das relacoes exteriores  jose serra  vai se reunir nesta quinta feira    em brasilia  com o presidente nacional do psdb  aecio
124493634232128_1746702348677907,343,senado aprova indicacao de alexandre de moraes como novo ministro do stf   noticias   politica o senado aprovou  na manha desta quarta    para ocupar a v
124493634232128_1746402682041207,15,plenario do senado vota indicacao de alexandre de moraes ao stf nesta  a   noticias   politica o plenario do senado vota a aprovacao do nome de alexandre de moraes  ministro da justica licenciado do governo michel temer    para o cargo de minist
124493634232128_1746401202041355,52,temer negocia compensacao ao pmdb   agencia estado   uol noticias brasilia   contrariado com a pressao do pmdb por cargos no governo  o presidente michel temer esta montando uma equacao politica para compensar o partido
124493634232128_1744611088887033,48,ccj nega pedidos da oposicao para adiar sabatina de moraes para stf   noticias   politica a ccj   do senado negou os pedidos dos senadores da oposicao para que a sabatina de alexandre de moraes fosse adiada  mo
124493634232128_1744580228890119,50,alexandre de moraes chega para sabatina na ccj do senado   agencia estado   uol noticias brasilia   indicado pelo presidente michel temer para a vaga de ministro do supremo tribunal federal    o ministro licenciado da justica  alexandre de
124493634232128_1744563732225102,29,temer faz sigilo de nome para a justica   agencia estado   uol noticias o governo espera que a indicacao de moraes tambem seja votada ainda nesta terca no plenario do senado e  embora tenha ampla maioria para aprovar o nome na
124493634232128_1743701558977986,332,mesmo apos recuo  juca defende texto que  blinda  presidentes do congresso   noticias   politica o senador romero juca    em discurso no plenario do senado  o projeto de lei apresentado por ele que proibe inves
124493634232128_1743209012360574,19,deputados do rio aprovam texto base de projeto sobre venda da cedae   noticias   politica o texto base do projeto de lei que autoriza a venda da cedae   foi aprovado pelos deputados estaduais do rio de janei
124493634232128_1743001745714634,857,fnl invade   fazendas em   estados   agencia estado   uol noticias sorocaba   integrantes da frente nacional de luta campo e cidade   invadiram cem fazendas em   estados  entre a madrugada de sabado    e a manha des
124493634232128_1742101389138003,980,indenizacao de presos so deve impactar orcamento dos estados a longo prazo   agencia estado   uol noticias 
124493634232128_1739175502763925,926,ha  assanhamento juvenil  em discussao sobre foro  diz gilmar mendes   agencia estado   uol noticias em meio a discussao sobre a limitacao do foro privilegiado  o ministro gilmar mendes  do supremo tribunal federal    ao b
124493634232128_1738034922877983,14,com novos partidos  camara de sp cria cargos que custam quase r    milhao ao ano   agencia estado   uol noticias sao paulo   em meio ao plano de corte de gastos com servidores e servicos  a camara municipal de sao paulo decidiu criar tres cargos novos de coordenador d
124493634232128_1737859209562221,900,stf decide que estado deve indenizar presos por mas condicoes em cadeias   noticias   cotidiano o stf   que presos encarcerados em cadeias superlotadas ou com mas condicoes de saude e
124493634232128_1736399226374886,57,cabral vai para prisao especial em marco   agencia estado   uol noticias a seap nbsp   para um presidio qu
124493634232128_1735562179791924,575,juca coleta   assinaturas para pec que pode blindar comando no congresso   agencia estado   uol noticias o lider do governo no congresso  senador romero juca   que pode blindar os
124493634232128_1735500373131438,717,juca coleta   assinaturas para pec que pode blindar comando no congresso   agencia estado   uol noticias o lider do governo no congresso  senador romero juca   que pode blindar os
124493634232128_1735224439825698,425,juca quer pec para blindar membros da linha sucessoria da presidencia   agencia estado   uol noticias o lider do governo  romero juca   para elucidar o dispositivo que diz que o presidente
124493634232128_1734002503281225,962,senado aprova legalizacao da vaquejada e texto vai a camara   noticias   cotidiano o senado aprovou nesta terca feira    em primeiro e segundo turnos nbsp o projeto que abre caminho para legalizar a pratica da vaquejada em todo o pais
124493634232128_1733871579960984,941,celso de mello indefere pedidos e mantem moreira franco como ministro   noticias   politica o ministro do stf   manter no cargo o ministro da secretaria geral da nbsp presidenc
124493634232128_1728717553809720,13,eike  comprou apoio  de sergio cabral  diz ministerio publico federal   agencia estado   uol noticias o pagamento foi concretizado em pelo menos duas oportunidades  apontam os procuradores da republica que atuam na forca tarefa da operacao eficiencia   us
124493634232128_1726873317327477,382,justica derruba liminar que impedia nomeacao de moreira franco   noticias   politica uma decisao do presidente do trf     hilton jose gomes de queiroz  derrubou a liminar que suspendia a nomeacao de m
124493634232128_1725767104104765,1480,conselho de etica arquiva processo de investigacao sobre capez no caso da mafia da merenda   noticias   politica o conselho de etica da assembleia legislativa de sao paulo arquivou nesta quarta    por seis votos a um  o processo de investigacao do presidente da casa
124493634232128_1725193824162093,37,o presidente indica  o senado sabatina  o stf da posse  diz fachin sobre moraes   agencia estado   uol noticias o presidente indica  o senado sabatina  o supremo da posse  disse o novo relator dos processos relacionados a operacao lava jato na corte suprema   sabat
124493634232128_1722824967732312,429,presidente do senado promete rapidez  e moraes pode ser sabatinado ja no dia     noticias   politica o presidente do senado  eunicio oliveira   que vai dar rapidez ao processo de aprovacao do nome do ministro da jus
124493634232128_1722651111083031,1090,relator vota por arquivar processo de cassacao de capez no caso da mafia da merenda   noticias   politica o relator do processo de investigacao do presidente da assembleia legislativa de sao paulo  fernando capez    decidiu recomendar o arquivamento do cas
124493634232128_1722664657748343,1086,indicado ao stf  moraes acumulou polemicas no ministerio da justica   noticias   politica indicado pelo presidente michel temer para ocupar a vaga no stf   que foi do ministro teori zavascki  o ministro alexandre de mora
124493634232128_1722655297749279,1439,temer indica ministro tucano alexandre de moraes para o stf   noticias   politica o presidente michel temer
124493634232128_1721008444580631,166,ei obriga moradores de mossul a pagar pela destruicao de suas casas   afp   uol noticias o grupo estado islamico    que enfrenta uma ofensiva do exercito iraquiano no oeste de mossul  esta obrigando os habitantes a pagarem pela destruicao da
124493634232128_1718190124862463,21,novo ministro do stf sera revisor da operacao lava jato no plenario   noticias   politica o magistrado ou magistrada que for indicado pelo presidente michel temer para assumir o lugar de teori zavascki no stf   sera o re
124493634232128_1718141298200679,380,temer diz que posse que deu foro privilegiado a moreira e apenas formalizacao   noticias   politica acusado pela oposicao de ter nomeado moreira franco como ministro para dar foro privilegiado ao aliado citado na lava jato  o presidente michel temer afirm
124493634232128_1717949244886551,38,com o botafogo acontecem coisas que ninguem acredita  brinca rodrigo maia   noticias   politica o atual presidente da camara  rodrigo maia   para um mandato completo  de dois anos  ele levou a disputa em prime
124493634232128_1716985011649641,685,exclusivo brasil pode retirar ate junho limites para estrangeiro comprar terras   reuters   uol noticias por anthony boadle e stephen eisenhammer
124493634232128_1716977148317094,1291,com o botafogo acontecem coisas que ninguem acredita  brinca rodrigo maia   noticias   politica o atual presidente da camara  rodrigo maia   para um mandato completo  de dois anos  ele levou a disputa em prime
124493634232128_1716879314993544,783,maia e reeleito para presidencia e defende camara reformista   noticias   politica apesar da disputa juridica que envolve sua candidatura  o atual presidente da camara  rodrigo maia    foi eleito para um mandato completo  de dois a
124493634232128_1716433435038132,1952,enquanto eua se fecham  ministro defende facilitar vinda de americanos ao brasil   bbc   uol noticias mesmo apos os eua endurecerem as regras para receber viajantes brasileiros  o ministerio do turismo tenta convencer o palacio do planalto a aprovar uma pro
124493634232128_1715686225112853,387,celso de mello mantem candidatura rodrigo maia a presidencia da camara   noticias   politica o ministro do stf   o pedido de liminar de deputados federais e manteve a candidatura
124493634232128_1715619308452878,213,aliado de temer  eunicio vence eleicao e mantem pmdb no comando do senado   noticias   politica um dos caciques do pmdb e politico proximo ao presidente michel temer  o senador eunicio oliveira   foi eleito para a presidencia do senado nesta quarta
124493634232128_1715263681821774,137,gilmar pede vista  e stf adia conclusao de julgamento sobre reu na linha sucessoria   noticias   politica um pedido de vista do ministro gilmar mendes suspendeu nesta quarta feira   da acao que questiona se
124493634232128_1713049358709873,270,se eunicio ganhar eleicao  pmdb comandara senado por   anos seguidos   noticias   politica apoiado por partidos do governo e ate da oposicao  o senador eunicio oliveira   e o favorito para ocupar o cargo de presidente do senado federal na
124493634232128_1712918072056335,170,se eunicio ganhar eleicao  pmdb comandara senado por   anos seguidos   noticias   politica apoiado por partidos do governo e ate da oposicao  o senador eunicio oliveira   e o favorito para ocupar o cargo de presidente do senado federal na
124493634232128_1708612015820274,901,apos prorrogar   vezes  justica suspende prazo para samarco depositar r    bi   noticias   cotidiano a justica federal suspendeu por tempo indeterminado a obrigatoriedade de a samarco e suas controladoras depositarem r    bilhao como medida reparatoria d
124493634232128_1707059689308840,423,cotado para stf diz que mulher deve combinar trabalho com  deveres domesticos    noticias   politica cotado para assumir uma cadeira no stf    ives gandra martins filho  afirma q
124493634232128_1705602586121217,935,estado de sp quer vender   areas florestais   noticias   meio ambiente depois de aprovar uma lei que permite a concessao para a iniciativa privada de   parques estaduais  o governo de sao paulo pretende por a venda   outras
124493634232128_1704687269546082,1255,ex prefeito no am condenado por pedofilia recebe indulto e extincao de pena   noticias   cotidiano o ex prefeito de coari    condenado a   anos e   meses de prisao pelo crime de exploracao sexual de criancas e adol
124493634232128_1704566776224798,32,anatel aprova reajustes nas tarifas de chamadas de fixo para movel   reuters   uol noticias brasilia   autorizou nesta quarta feira reajustes nas tarifas cobradas nas chamadas
