124493634232128_1917768861571254,2448,acidente liberta porcos que iam para matadouro  e alguns se empolgaram   noticias   tabloide quem passou pela rodovia hanshin expressway ikeda  no japao  nesta quinta feira    se deparou com uma cena nada comum    porcos correndo na pista  os an
124493634232128_1917758544905619,740,herman se confunde e chama gilmar mendes de michel temer durante sessao no tse   agencia estado   uol noticias o ministro do tribunal superior eleitoral   herman benjamin  relator da acao contra a chapa presidencial encabecada por dilma rousseff  se confundiu e
124493634232128_1916755605005913,764,gsi identifica mulher que tentou entrar no planalto gritando que amava temer   agencia estado   uol noticias 
124493634232128_1916567331691407,923,presidente do psc jovem deixa o cargo apos enviar foto de partes intimas durante discussao politica   noticias   cotidiano o psc   desligou caique marcatt    anos  do cargo de presidente nacional do psc jovem apos vir a tona em redes sociais uma foto que
124493634232128_1916562331691907,523,presidente do psc jovem deixa o cargo apos enviar foto de partes intimas durante discussao politica   noticias   cotidiano o psc   desligou caique marcatt    anos  do cargo de presidente nacional do psc jovem apos vir a tona em redes sociais uma foto que
124493634232128_1916409141707226,67,mc livinho e levado para a delegacia apos confusao no ce  cantor nega briga   noticias   cotidiano mc livinho envolveu se em uma briga na tarde desta quarta feira   na praia de jericoacoara  no ceara  com o dono de uma empresa de quadriciclos  de acord
124493634232128_1916296375051836,529,cabral pede absolvicao a moro e diz que  fez tudo para alavancar economia do rio    agencia estado   uol noticias ao pedir sua absolvicao ao juiz federal sergio moro  o ex governador do rio sergio cabral   exaltou seu mandato a frente do executivo fluminense
124493634232128_1916237508391056,527,mulher grita te amo  temer e deita no chao em frente ao planalto   noticias   politica uma mulher gritou  ldquo te amo  temer rdquo  e  ldquo eu nao quero morrer sem te ver rdquo  em referencia ao presidente michel temer    em frente ao
124493634232128_1916009128413894,190,nas maos de fachin  os cabelos do  homem da mala    agencia estado   uol noticias 
124493634232128_1915982258416581,2761,mulher grita te amo  temer e deita no chao em frente ao planalto   noticias   politica uma mulher gritou  ldquo te amo  temer rdquo  e  ldquo eu nao quero morrer sem te ver rdquo  em referencia ao presidente michel temer    em frente ao
124493634232128_1915978625083611,51, nesta quarta feira   o julgamento da cassa ccedil atilde o da chapa dilma rousseff michel temer nas elei ccedil otilde es de   que pode destituir do mandato o presidente da rep uacute blica se ele for
124493634232128_1915928925088581,65,chines usa moto para lavar e secar cabelo  assista   noticias   tabloide se algum dia voce for viajar para a china e precisar de um cabeleireiro  tenha certeza do metodo que ele vai usar para lavar e secar seu cabelo  isso porqu
124493634232128_1913918675289606,18,saiba quais sao as   perguntas que a pf fez a temer   noticias   politica entre as   perguntas que a policia federal enviou  na segunda feira   ha questionamentos sobre  o teor da gravacao fe
124493634232128_1913770148637792,588,aecio nao achava que cassacao ia ate o fim no tse  a dilma caiu e a acao continuou   noticias   politica a acao contra a chapa dilma rousseff   michel temer no tse    co
124493634232128_1912889588725848,22,a historia de amor entre uma militante de partido frances anti imigracao e um refugiado   bbc   uol noticias beatrice huret estava em uma praia do norte da costa francesa antes do amanhecer  observando um barco improvisado que levava seu namorado pelo canal da man
124493634232128_1912545412093599,1099,pedro correa rebate lula e exibe fotos com o ex presidente a moro   agencia estado   uol noticias 
124493634232128_1912403015441172,470,defesa de lula pede que depoimento de emilio odebrecht seja suspenso   noticias   politica em habeas corpus apresentado nesta segunda feira   da  a regiao  a segunda instancia da operacao lava jato  a defesa d
124493634232128_1912265935454880,1891,traficante conhecido como mata rindo e achado morto com   tiros no es   noticias   cotidiano apontado como um dos chefes do trafico de drogas no municipio de serra  na grande vitoria  o traficante mata rindo foi encontrado morto no sabado a noite p
124493634232128_1912226078792199,28,homem usa escorredor de macarrao como chapeu na foto de carteira de motorista   noticias   tabloide em qualquer lugar do mundo  existem um monte de regras para fotos de documentos importantes  sem duvida  tirar uma fotografia para a carteira de habilitaca
124493634232128_1912152452132895,7635,homem nao larga seu chope ao fugir de atentado e vira simbolo de resistencia   noticias   internacional em meio as cenas de terror na noite de sabado em londres  uma chamou a atencao nas redes sociais por outro motivo  durante a correria apos o atentado que m
124493634232128_1909449605736513,21,lider do psdb diz que prisao de loures nao e problema entre partido e temer   agencia estado   uol noticias 
124493634232128_1907249719289835,433,o que ha de estranho nesta foto  imagem e nova sensacao entre internautas   noticias   tabloide parece mais uma foto de amigas posando juntas  mas algo chamou a atencao  voce e capaz de perceber
124493634232128_1906418976039576,38,deputados do pmdb cobram reacao de temer a movimento de  cabecas pretas  do psdb   agencia estado   uol noticias 
124493634232128_1906417006039773,547,em balanco  pt culpa politica economica de dilma pelo impeachment   agencia estado   uol noticias 
124493634232128_1905776796103794,37,homem e preso por ligar para a policia para bater papo   noticias   tabloide um homem  morador da pensilvania  nos estados unidos  ligou repetidas vezes para a policia apenas para bater papo  segundo investigadores  larry keiser  de
124493634232128_1903689949645812,24,mensagem enigmatica de trump no twitter viraliza   afp   uol noticias o presidente americano  donald trump  escreveu um tuite na madrugada de quarta feira com uma palavra estranha   covfefe  que rapidamente se transformou no
124493634232128_1903124486369025,68,moro se declara suspeito para processar blogueiro eduardo guimaraes   agencia estado   uol noticias 
124493634232128_1902956159719191,342,aecio envia ao stf fotos como motoqueiro para contestar dialogo sobre delacao   noticias   politica fotos do senador afastado aecio neves   para defende lo da acusacao de mante
124493634232128_1902265163121624,1167,policiais tiram selfie com bebado para que ele se lembre como chegou em casa   noticias   tabloide um australiano acordou de ressaca  no ultimo domingo    sem saber ao certo o que aconteceu na noite anterior ou como foi parar em casa  o estudante reec
124493634232128_1900598113288329,1190,trump vai virar marca de papel higienico que ajuda deportados no mexico   noticias   tabloide logo logo  os mexicanos vao poder dar descarga em donald trump  isso porque um advogado esta planejando fabricar um papel higienico com o nome do president
124493634232128_1900625919952215,99,nao existe hipotese  de eleicao direta  diz vice presidente do psdb   bbc   uol noticias o melhor caminho para superar a atual crise politica e o presidente michel temer renunciar e serem convocadas eleicoes indiretas  como preve hoje a constit
124493634232128_1899768890037918,120,taxista diz que correu muito por causa dos gases de seus passageiros   noticias   tabloide um taxista multado por dirigir acima da velocidade permitida deu uma desculpa tao esfarrapada que os policiais na hora se tocaram que aquela historia  nao
124493634232128_1897983213549819,166,defesa de aecio diz que documentos apreendidos pela pf nao comprometem o senador   agencia estado   uol noticias a defesa do senador afastado aecio neves    que  desconhece  o papel com a inscricao  cx   en
124493634232128_1896452270369580,366,defesa de aecio alega que inscricao  cx   nao e indicio de ilegalidade   agencia estado   uol noticias 
124493634232128_1896126360402171,1918,reporter chamada de idiota por bolsonaro em   desistiu de processo  nao tive respaldo   noticias   politica um video de abril de   que mostra a discussao do deputado jair bolsonaro com uma reporter na camara dos deputados  em brasilia  voltou a viralizar na i
124493634232128_1894900563858084,20,genro de trump e foco de investigacao sobre interferencia russa  diz jornal   noticias   internacional jared nbsp kushner  genro e conselheiro do presidente  donald trump  se tornou um foco das investigacoes do fbi nbsp sobre a interferencia da russia nas el
124493634232128_1894738867207587,34,pai se fantasia de michael phelps e  trolla  filho no ultimo dia de aula   noticias   tabloide o americano justin beadles de oklahoma merece o titulo de  pai troll do ano  o homem resolveu buscar o filho jack na escola fantasiado de michael phelps
124493634232128_1894419033906237,48,mulher desenha barba falsa com caneta para se disfarcar e assaltar banco   noticias   tabloide a americana jennifer rae mcclary    estava em busca do disfarce perfeito  tudo o que ela precisava era de uma maneira de nao ser identificada para poder
124493634232128_1894330347248439,606,rocha loures devolve r    mil que faltavam de mala com r    mil   noticias   politica apos entregar a justica uma mala com dinheiro supostamente de propina na qual faltavam r    mil  dos r    mil recebidos da jbs  o deputado afastado rodr
124493634232128_1890269757654498,755,temer  maduro  quem sao os lideres mais impopulares do que trump    noticias   internacional a revista americana  time  divulgou uma analise com cinco lideres mundiais com a popularidade mais baixa do que a do presidente do eua  donald trump  ligad
124493634232128_1890259217655552,12,estado islamico proibe seus soldados de usarem redes sociais   noticias   uol noticias rabat    mai   proibiu seus  soldados  de usarem as redes sociais e ameacaram com sancoes qualquer
124493634232128_1889384841076323,24,sujeito faz sucesso ao dancar durante noticiario ao vivo nos eua   noticias   tabloide o video de um sujeito dancando ao vivo durante o noticiario nos estados unidos viralizou na internet  bryan amann estava trabalhando quando um acidente env
124493634232128_1889459677735506,633,apenas dez lideres partidarios comparecem a jantar com temer   agencia estado   uol noticias 
124493634232128_1889272931087514,185,melania se recusa a andar de maos dadas com trump em visita a israel   noticias   internacional uma situacao um tanto quanto constrangedora marcou a chegada do presidente dos estados unidos  donald trump  a tel aviv  em israel  a primeira dama  melani
124493634232128_1888782211136586,202,temer  se equivocou  em entrevista a folha ao falar sobre carne fraca e joesley   agencia estado   uol noticias a assessoria de imprensa do palacio do planalto informou  na manha desta segunda feira    que o presidente michel temer se equivocou ao dizer a folha de
124493634232128_1887780584570082,11,voce conseguiria ficar um show inteiro sem usar o celular    noticias   ciencia os fas de chris rock terao de abrir mao de usar seus telefones durante suas apresentacoes no reino unido se quiserem de fato estar
124493634232128_1885666581448149,7746,pt pode ensinar a combater a corrupcao  diz lula   noticias   politica o ex presidente luiz inacio lula da silva afirmou neste sabado   durante discurso no evento de posse dos novos integrantes do diretorio municipal do pt
124493634232128_1885146578166816,15,youtuber grava video contando de   ate   mil  e gasta   horas fazendo isso   noticias   tabloide o tedio pode trazer conseguencias terriveis na vida de uma pessoa  olha so o caso desse rapaz  ele e conhecido como mrbeast   no yout
124493634232128_1884151198266354,1562,presidente da venezuela envia palavra de apoio ao povo brasileiro  mas critica temer   noticias   uol noticias o presidente da venezuela  nicolas maduro  manifestou nesta sexta feira   o seu apoio a luta do povo brasileiro para  restabelecer um governo democratic
124493634232128_1884081681606639,732,primo preso de aecio reclamou de buscar dinheiro  olha onde eu to me metendo   noticias   politica preso na quinta feira   frederico pacheco de medeiros reclamou  em conversa gravad
124493634232128_1883836944964446,2371,mulher estrabica e presa apos mirar em pessoa e matar outra em bar   noticias   cotidiano o estrabismo de uma jovem causou a morte de um aposentado em um bar na periferia de goiania    aponta investigacao da policia  conhecida pelo apelido de
124493634232128_1883612654986875,1124,deve ter fantasma la  disse temer a joesley sobre o alvorada   agencia estado   uol noticias 
124493634232128_1883143211700486,3001,aecio mancha o nome de tancredo  diz janaina paschoal no twitter   agencia estado   uol noticias 
124493634232128_1882520568429417,215,por perfil incontrolavel  advogado abandona defesa de eduardo cunha   noticias   politica o criminalista paranaense nbsp marlus arns anunciou nesta quinta feira   que nao defende mais o ex deputado federal eduardo cunha  a decisao foi tomada
124493634232128_1882311168450357,199,suplente se diz triste por ter  afinidade  com aecio   agencia estado   uol noticias 
124493634232128_1882038851810922,1283,aecio diz que ia pagar joesley quando vendesse apartamento da familia   agencia estado   uol noticias 
124493634232128_1882062771808530,4282,criador da camiseta  a culpa nao e minha   eu votei no aecio  evita comentarios   agencia estado   uol noticias 
124493634232128_1882046255143515,311,para provar inocencia  aecio deixa presidencia do psdb  ministros tucanos ficam no governo   noticias   politica o senador aecio neves   edson fachin  anunciou na tarde
124493634232128_1881812431833564,1782,advogado de aecio diz que r    milhoes de socio da jbs foram ajuda de amigo   noticias   politica o advogado do senador aecio neves   que o tucano esta  ldquo inconformado e surpreso  com as a
124493634232128_1880411568640317,62,prefeito interino de sp e multado em r    milhoes por dano ambiental   agencia estado   uol noticias em seu ultimo dia como prefeito interino de sao paulo  o presidente da camara municipal  milton leite    recebeu nesta quarta feira    um comunicado
124493634232128_1880879288593545,133,alem dos audios  temer e aecio tambem foram expostos pelos memes   noticias   politica quando veio aquela noticia bombastica no plantao  ate demorou para cair a ficha
124493634232128_1880600135288127,2730,maia encerra sessao   nao tem mais clima para trabalhar  so isso    agencia estado   uol noticias 
124493634232128_1880123495335791,546,trump se defende e diz que nenhum politico da historia foi tratado tao mal   noticias   internacional o presidente norte americano  donald trump  fez um discurso nesta quarta feira    durante a formatura de agentes da guarda costeira do pais  e afirmou q
124493634232128_1879738498707624,62,doria diz que esclareceu a alckmin entrevista na qual disse que poderia disputar a presidencia   agencia estado   uol noticias o prefeito de sao paulo  joao doria    em nova y
124493634232128_1878880005460140,79,javali selvagem coloca embaixador britanico para correr na austria   noticias   tabloide embaixadores sao normalmente bem recebidos em outros paises  mas o representante britanico na austria tomou um baita de um susto ao fazer uma caminhada nos
124493634232128_1878604875487653,414,e mails da oas revelam atencao especial ao triplex que lula nega ser o dono   agencia estado   uol noticias faz parte do material entregue ao juiz federal sergio moro pelo empreiteiro leo pinheiro  da oas  um e mail de   de setembro de   que revela atencao esp
124493634232128_1878460782168729,203,ladroes se esquecem de abastecer carro de fuga e sao presos pela policia   noticias   tabloide dois ladroes trapalhoes foram capturados pela policia por ficarem sem combustivel durante a fuga de um roubo  o crime ocorreu em northland  na nova zelandi
124493634232128_1878155145532626,75,onde esta a coreia do norte no mapa  geografia afeta opiniao dos americanos   the new york times   uol noticias normalmente  a forma como os americanos se sentem a respeito de alguma questao pode ser associada a sua idade  genero  localizacao  afiliacao partidaria e
124493634232128_1877128248968649,59,urso entra em carro  fica preso e buzina ate ser solto pela policia   noticias   tabloide um urso negro de   kg entrou em um carro  no estado americano da virginia  e  acidentalmente  se prendeu la dentro  o curioso e que  para conseguir sair d
124493634232128_1877133215634819,76,putin culpa piano desafinado por apresentacao musical tosca   reuters   uol noticias o presidente da russia  vladimir putin  disse nesta segunda feira   que uma apresentacao improvisada ao piano realizada nos bastidores de uma reuniao em
124493634232128_1875649459116528,137,jaques wagner diz que quem teve relacao com palocci  deve estar com receio    bbc   uol noticias o petista jaques wagner  ex ministro do governo dilma e ex governador da bahia  afirmou a bbc brasil que nao consegue prever o conteudo da delacao premiada
124493634232128_1874066639274810,53,funcionario de joao santana diz que foi roubado apos receber r    mi da odebrecht   agencia estado   uol noticias o assistente administrativo andre santana contou ao ministro herman benjamin  relator da acao contra a chapa dilma temer no tribunal superior eleitoral  ts
124493634232128_1873701119311362,1524,mulher liga para a policia para reclamar do preco da maconha cobrado por traficante   noticias   tabloide uma mulher acabou presa na australia por ligar para a policia reclamando do preco de um produto  na sua logica de consumidora  o aumento tinha sido tao abu
124493634232128_1872378782776929,1234,monica moura entrega imagem de e mail criado para conversas secretas com dilma   agencia estado   uol noticias a empresaria monica moura  delatora da operacao lava jato  entregou ao ministerio publico federal um registro com as imagens do e mail que diz ter usado pa
124493634232128_1871961859485288,132,presa em congestionamento  motorista desce do carro e pratica ioga no asfalto   noticias   tabloide quem vive em cidade grande sabe quanto o transito atrapalha  sao horas jogadas no lixo  em um anda e para danado  dentro de um carro apertado  em uma via p
124493634232128_1871814549500019,2638,reclama com sua sucessora  disse moro a lula sobre abertura da copa de     agencia estado   uol noticias 
124493634232128_1871555156192625,886, nesta quarta feira    o ex presidente luiz in aacute cio lula da silva prestou depoimento por quase cinco horas ao juiz federal de primeira inst acirc ncia sergio moro  em curitiba  no  acirc mbito da opera ccedil atilde o lava jato  aguardado com
124493634232128_1870767072938100,982,lula disse nao sei   vezes a moro durante depoimento   noticias   politica embora nbsp o ex presidente luiz inacio lula da silva nao tenha se recusado a responder as perguntas feitas pelo juiz federal sergio moro  ele fez referenc
124493634232128_1870368289644645,400,lula se contradiz e confirma dialogo com duque sobre conta no exterior   noticias   politica em seu depoimento a justica federal na ultima quarta feira   confirmou parte do que o ex diretor de serv
124493634232128_1870204369661037,44,coreia do norte exige entrega de suspeitos de suposto complo de assassinato de lider   reuters   uol noticias a nbsp coreia do norte exigiu nesta quinta feira a entrega de  suspeitos de terrorismo  que teriam tramado o assassinato de seu lider  kim jong un  com uma
124493634232128_1870178119663662,413,lula e dono do triplex  confira   argumentos do ex presidente sobre o caso   noticias   politica no depoimento a justica federal do parana  o ex presidente luiz inacio lula da silva apresentou nesta quarta feira   uma serie de argumentos de que nao
124493634232128_1869934769687997,3170,lula reclama de bullying contra netos e pede ipads das criancas de volta   noticias   politica o ex presidente lula aproveitou que estava cara a cara com o juiz sergio moro e tratou de varias questoes familiares  a primeira a ser abordada foi o caso
124493634232128_1869823586365782,751,universidade da coreia do norte tem vaga para professor  quer se candidatar    noticias   internacional a universidade de ciencia e tecnologia de pyongyang   teve dois de seus professores presos pelo regime norte coreano nos ultimos
124493634232128_1869817823033025,234,analise  sem lula  pt nao tem  peca de reposicao  para     noticias   politica se lula for condenado pelo juiz sergio moro  e por uma segunda instancia no judiciario  o pt nao tem substituto para voltar ao palacio do planalto em
124493634232128_1869016356446505,7077,nao quero ser julgado por interpretacoes  e sim por provas  diz lula apos depoimento   noticias   politica depois de depor por quase cinco horas ao juiz sergio moro  da  a vara federal em curitiba  o ex presidente luiz inacio lula da silva discursou por cerca d
124493634232128_1868667163148091,147,depoimento de lula a moro vira luta do street fighter  veja os memes   noticias   politica sergio moro pediu para nao chamarem o depoimento de lula de  ldquo duelo rdquo  mas nao adiantou  fizeram ate uma versao street fighter para o encontro en
124493634232128_1868114126536728,703,ninguem esta acima da lei  diz alckmin  sobre depoimento de lula a moro   agencia estado   uol noticias o governador de sao paulo  geraldo alckmin   que  ninguem esta acima da lei  e que esta tranquilo em relacao a operacao
124493634232128_1867972396550901,308,nem lula  nem moro  nas redes sociais  tem gente que so apoia os memes   noticias   politica nbsp
124493634232128_1867795613235246,2752,manifestantes a favor da lava jato lamentam pouca adesao   noticias   politica agrupados em uma esquina do museu oscar niemeyer  no centro civico  os apoiadores da lava jato lamentam a pequena adesao ate o final da manha desta quarta
124493634232128_1867751743239633,1811,suposta foto de comboio pro lula e  na verdade  de contrabando do paraguai   noticias   politica uma imagem da suposta invasao de onibus de apoiadores de lula chegando a curitiba foi fortemente compartilhada nas redes sociais nesta quarta feira  mas  n
124493634232128_1867369803277827,88,triplex e mais   quais sao as acoes contra lula e o que diz o ex presidente   noticias   politica o depoimento do ex presidente luiz inacio lula da silva ao juiz da  a vara federal do parana  sergio moro  em curitiba  na quarta feira    refere se a
124493634232128_1866349676713173,20,trump apagou todos os seus comunicados de imprensa antigos  mas nao contava com uma coisa   noticias   internacional o governo donald trump apagou todos os comunicados de imprensa emitidos pelo empresario antes de  o de janeiro de     portanto  antes de sua posse como
124493634232128_1865899456758195,65,clique ciencia  por que o penis encolhe quando esta frio    noticias   ciencia todo homem ja viu seu penis  ldquo encolhido rdquo  depois de um banho gelado  um mergulho em uma piscina com agua mais fria ou a ser exposto a baixas temp
124493634232128_1865643246783816,388,coreia do norte diz ser vitima de terrorismo estatal   noticias   uol noticias apos prender dois americanos  pais comunica detencao de norte coreano que teria sido agenciado por estados unidos e coreia do sul para assassinar o ditador
124493634232128_1864643613550446,115,triplex e mais   quais sao as acoes contra lula e o que diz o ex presidente   noticias   politica o depoimento do ex presidente luiz inacio lula da silva ao juiz da  a vara federal do parana  sergio moro  em curitiba  na quarta feira    refere se a
124493634232128_1861452010536273,3491,mulher liga para a policia para reclamar do preco da maconha cobrado por traficante   noticias   tabloide uma mulher acabou presa na australia por ligar para a policia reclamando do preco de um produto  na sua logica de consumidora  o aumento tinha sido tao abu
124493634232128_1861345713880236,134,essa lava jato so me trouxe prejuizo  diz dono de lava a jato vizinho de moro   noticias   politica a conversa sobre a principal operacao de combate a corrupcao no brasil comeca com um desabafo quando o entrevistado ouve que ela seria assunto tratado pela
124493634232128_1859622380719236,2552,na onu  venezuela denuncia corrupcao generalizada no governo temer   agencia estado   uol noticias o governo da venezuela usou uma sabatina de direitos humanos do brasil na organizacao das nacoes unidas   para denunciar a corrupcao no governo do pres
124493634232128_1858953134119494,265,okamotto nega que propina para a oas tenha bancado acervo de lula   noticias   politica o presidente do instituto lula  paulo okamotto  disse nesta quinta   em depoimento ao juiz sergio moro nbsp que o armazenamento do acervo do ex president
124493634232128_1858384407509700,88,motorista confunde milha com quilometro e leva multa no canada   noticias   tabloide quem ja viajou para os estados unidos sabe como e dificil se pesar  entender o clima e as distancias por la  eles usam medidas diferentes para tudo  libras
124493634232128_1857602107587930,267,justica nega indenizacao a idosa por cartomante nao trazer marido de volta   agencia estado   uol noticias o tribunal de justica de minas gerais   negou pedido de indenizacao por danos morais feito por uma aposentada de ipatinga  no vale do aco  a uma cart
124493634232128_1857561444258663,27,cerca ou muro  modelo ideal da casa branca passa longe do que trump prometeu   noticias   internacional isto e um muro ou uma cerca  foi esta a pergunta feita pelos reporteres que acompanharam nesta quarta feira   a apresentacao feita pelo porta voz da ca
124493634232128_1857319017616239,298,homem pede divorcio de mulher que interrompeu jantar para postar foto da comida   noticias   tabloide um jordaniano pediu divorcio da mulher depois que ela o interrompeu durante uma refeicao para fotografar o prato que ele comia e compartilhar a foto nas re
124493634232128_1856630891018385,58,medicos da india aprenderao taekwondo para se defender de ataques de doentes   noticias   saude os medicos do instituto de ciencias medicas de toda a india    um dos principais hospitais publicos do pais  receberao aulas de taekwondo
124493634232128_1855835847764556,75,pezao pede a temer envio da forca nacional para combater criminalidade   agencia estado   uol noticias o governador do rio  luiz fernando pezao    pediu nesta terca    por telefone ao presidente michel temer o reforco de tropas da forca nacional de seg
124493634232128_1849815135033294,1076,lula   se palocci fizer delacao premiada pode prejudicar muita gente  menos eu    agencia estado   uol noticias 
124493634232128_1846437342037740,833,em entrevista ao sbt  lula diz que se muda para curitiba se for preciso   noticias   politica o ex presidente luiz inacio lula da silva   disse em entrevista ao telejornal  sbt brasil  que  se for preciso  se muda para curitiba para acompanhar os
124493634232128_1846154448732696,120,mulher se irrita por seu marido nao dividir sorvete  chama a policia e e presa   noticias   tabloide uma mulher de   anos foi presa no ultimo domingo    em nashville  no estado americano do tennessee  por ter chamado a policia por um motivo para la de
124493634232128_1845769252104549,218,pt cancela eleicoes em   cidades paulistas por suspeita de fraudes   agencia estado   uol noticias 
124493634232128_1845893905425417,611,dallagnol diz em livro que repercussao negativa de power point de lula o pegou de surpresa   noticias   politica o brasil vive uma  cleptocracia  seu sistema politico e  criminogeno   ou seja  favorece e produz praticas criminosas  e a camara dos deputados  ultrapa
124493634232128_1843613402320134,391,joao santana e monica moura faltaram com a verdade  diz dilma   agencia estado   uol noticias 
124493634232128_1843304655684342,250,rui falcao diz que ha escalada de repressao contra pt   agencia estado   uol noticias 
124493634232128_1842919039056237,120,para evitar viagem com amante  homem casado faz falso alerta de sequestro de aviao   noticias   tabloide motaparthi vamshi krishna  de   anos  foi preso em hyderabad  na india  acusado de ter enviado um e mail para a policia sobre um falso plano de sequestro
124493634232128_1842931645721643,88,tj rj nega recurso a cunha apos ser chamado de  coisa ruim  por arnaldo jabor   noticias   politica a  a camara civel do tribunal de justica do rio de janeiro negou  por unanimidade  recurso do ex deputado eduardo cunha   contra a infoglobo comun
124493634232128_1842912435723564,33,ladrao anuncia assalto com bilhete  mas vitima nao consegue ler   noticias   tabloide um ladrao tentou assaltar uma loja em youngstown  no estado americano de ohio  entregando um bilhete ao atendente  o problema e o que o funcionario nao ent
124493634232128_1840105879337553,859,temer diz que situacao na venezuela so sera resolvida com  eleicoes livres    noticias   uol noticias o presidente michel temer afirmou  em entrevista a agencia efe  que espera por uma solucao pacificadora para a crise na venezuela e que ela so sera resolvi
124493634232128_1840032379344903,368,bandidos assaltam na suica e enviam dinheiro ao brasil   agencia estado   uol noticias 
124493634232128_1839922566022551,271,novas denuncia devem adiar mais umas vez debate sobre corrupcao no pt   agencia estado   uol noticias as novas denuncias envolvendo o ex presidente luiz inacio lula da silva reveladas pela chamada lista de fachin e pela delacao do empreiteiro jose aldemario
124493634232128_1837087602972714,50,conselho de seguranca exige que coreia do norte pare de lancar misseis   noticias   uol noticias nacoes unidas    abr    o conselho de seguranca da onu condenou nesta quinta feira o ultimo lancamento de misseis da coreia do norte e exigiu que
124493634232128_1835318079816333,45,diario do tj pb publica texto na lingua de mussum  a ordem dos tratoris nao altera o pao duris   noticias   cotidiano o diario oficial do tribunal de justica da paraiba    em suas versoes impressa e digital  trechos sobre um processo traba
124493634232128_1835162826498525,170,estou muito mais preparado agora  mas eleicao e so em   diz alckmin   agencia estado   uol noticias o governador de sao paulo  geraldo alckmin   que esta mais preparado para as questoes nacionais do que estava em
124493634232128_1835083379839803,69,dilma diz que nunca autorizou caixa   em suas campanhas   noticias   politica a ex presidente dilma rousseff rebateu nesta quarta feira   as informacoes dadas ontem pelo marqueteiro joao santana e sua mulher e socia  a empresaria
124493634232128_1835093793172095,699,aliados silenciam e chineses debocham de gafe dos eua com porta avioes   reuters   uol noticias pequim     os aliados dos estados unidos na asia silenciaram nesta quarta feira diante da confusao a respeito de um porta avioes que
124493634232128_1833306486684159,2116,alckmin diz que foi bom perder para lula e que esta mais preparado para ser presidente   noticias   politica o governador de sao paulo  geraldo alckmin    em evento fechado na capital paulista  que  ldquo foi ate bom perder rdq
124493634232128_1833309426683865,596,citado em delacao  pastor everaldo diz que querem calar a voz dos evangelicos   noticias   politica candidato a presidencia da republica em   o pastor everaldo  presidente nacional do psc  disse em video postado em redes sociais nesta terca feira
124493634232128_1833330270015114,24,bombeiros sao chamados para tirar gato   e sua dona   de cima de arvore   noticias   tabloide nao e raro ver bombeiros sendo chamados para tirar gatos de cima de arvores  mais dificil e ver esses profissionais precisando retirar o bichano e o dono
124493634232128_1831530380195103,155,policia ameaca prender idosa que nao devolveu bolas que cairam em seu quintal   noticias   tabloide a criancada gosta de bater uma bolinha no quintal  faz parte da infancia e e assim no mundo inteiro  so que nem todo mundo nasce com a habilidade do neymar
124493634232128_1831864736828334,93,juiz peruano emite sentenca via whatsapp   noticias   uol noticias lima    abr    um juiz da regiao ancash  no norte de peru  conduziu uma audiencia e ditou a sentenca utilizando o aplicativo de mensagens whatsapp
124493634232128_1831844230163718,83,melania cutuca trump para lembra lo de gesto durante o hino nacional   noticias   internacional um detalhe durante a festa de pascoa atrasada na casa branca  realizada nesta segunda feira    roubou a cena do evento  a primeira dama melania trump pr
124493634232128_1831640633517411,11,odebrecht nao gostava de pagamentos licitos  porque chamava atencao  diz delator   agencia estado   uol noticias o executivo luiz eduardo da rocha soares disse em delacao premiada que a odebrecht evitava a realizacao de pagamentos licitos  por isso elegia a via do cai
124493634232128_1829781080370033,2289,eua pode ter sabotado com ciberataque missil de pyongyang   noticias   uol noticias washington    abr     os estados unidos teriam sabotado com ciberataques o teste de missil da coreia do norte realizado ont
124493634232128_1828738097140998,83,protestos nos eua para que trump divulgue declaracao de impostos   afp   uol noticias milhares de manifestantes se reuniram neste sabado   em varias cidades dos estados unidos para pressionar donald trump a publicar sua declaracao de impo
124493634232128_1828860863795388,2774,coreia do norte faz lancamento fracassado de missil  diz seul   noticias   internacional a coreia do norte realizou na noite deste sabado   um lancamento de um missil  mas fracassou  afirmou a coreia do sul
124493634232128_1827011850646956,109,jamais pagaria propina  disse marcelo odebrecht a moro antes da delacao   agencia estado   uol noticias em   de outubro de   o maior empreiteiro do pais  marcelo odebrecht  entrou na sala do juiz federal sergio moro com um discurso pronto  no qual afirmo
124493634232128_1826886410659500,59,antes de delacao  marcelo odebrecht chegou a criticar quem dedura   noticias   politica no dia  o de setembro de   o herdeiro do grupo odebrecht  marcelo odebrecht  prestou depoimento a cpi da petrobras em curitiba  ele havia sido preso do
124493634232128_1826543954027079,218,dilma diz que acusacoes sao  virtuais  e que nao sabia que cunha era  corrupto  e temer  fraco    bbc   uol noticias como e que voce prova que eu sabia  pergunta dilma rousseff  encarando a reportagem em um apartamento com vista para o rio hudson  em nova york    o
124493634232128_1826163647398443,10,que ronquem os motores  saiba quao alto nosso ronco pode ser   noticias   saude dormir acompanhado e bom  mas se a pessoa com quem voce divide a cama ronca  essa experiencia certamente nao sera agradavel  podendo  as vezes chegar a s
124493634232128_1825573407457467,434,aecio reafirma que nao foi apresentada  nenhuma prova  contra ele   agencia estado   uol noticias em nota divulgada na noite desta quinta feira    a assessoria do presidente nacional do psdb  senador aecio neves    sustentou que nao foi apresenta
124493634232128_1825442457470562,510,ex deputado ironiza adversarios antes de descobrir que tambem esta na lista de fachin   agencia estado   uol noticias recem filiado ao psol de pernambuco  o ex deputado federal paulo rubem santiago foi traido  na terca feira   ao ironizar a presenca de adversarios polit
124493634232128_1824740057540802,372,o senhor marcelo odebrecht faltou com a verdade  diz dilma   noticias   politica em nota divulgada no inicio da tarde desta quinta feira  a presidente deposta dilma rousseff afirma que nunca pediu a odebrecht recursos para a campanha e
124493634232128_1824652724216202,514,eu nao vou rir nem vou chorar  diz lula sobre delacao da odebrecht   noticias   politica o ex presidente luiz inacio lula da silva disse  na manha desta quinta feira    que nao vai  ldquo rir nem chorar rdquo  diante das acusacoes feitas con
124493634232128_1823058517708956,104,mulher e presa por pedir a policial que experimentasse camisinha   noticias   tabloide uma mulher foi presa por pedir para um policial experimentar uma camisinha  agentes da policia do condado de st  lucie  na florida    encontraram melis
124493634232128_1823635537651254,213,viagra na lista da odebrecht  jarbas vasconcelos teria recebido r    milhoes   noticias   politica o deputado federal jarbas vasconcelos    ele e um dos parlam
124493634232128_1823353664346108,254,dilma quis saber se temer recebeu propina  diz marcelo odebrecht   agencia estado   uol noticias em um de seus depoimentos prestados no ambito do acordo de colaboracao premiada com a lava jato  o empreiteiro marcelo odebrecht assumiu pagamentos de prop
124493634232128_1823342561013885,228,seu pessoal esta com a goela muito aberta  disse emilio odebrecht a lula   agencia estado   uol noticias o empresario emilio odebrecht  presidente do conselho de administracao da holding odebrecht  disse em relato por escrito a procuradoria geral da republica
124493634232128_1822883684393106,29,porta voz diz ter decepcionado trump apos dizer que hitler nao usou armas quimicas   noticias   internacional o porta voz da casa branca  sean spicer  pediu novamente desculpas nesta quarta feira   por ter dito  na terca  que adolf hitler nao usou armas quimicas
124493634232128_1823003037714504,90,italiano consegue divorcio apos alegar que mulher estava possuida pelo demonio   noticias   tabloide um homem conseguiu se divorciar da mulher  na italia  depois de alegar que ela estava possuida pelo demonio  a informacao e do jornal  corriere della sera
124493634232128_1822005314480943,790,apelidado de caldo  blairo maggi recebeu r    mihoes  diz odebrecht   noticias   politica o ministro da agricultura blairo maggi recebeu r    milhoes nao declarados para sua campanha de reeleicao ao governo do mato grosso  em   de acordo co
124493634232128_1821915594489915,11,e o caminho para merecer a confianca da sociedade  diz odebrecht sobre lista de fachin   noticias   politica poucas horas depois que o ministro edson fachin  relator da operacao lava jato no stf    determinou a abertura de inqueritos contr
124493634232128_1821364191211722,117,homem foge e mergulha no mar para nao pagar conta em restaurante   noticias   tabloide um rapper australiano resolveu se esbaldar em um sofisticado restaurante  na beira do mar  em gold coast  terry peck    pediu duas lagostas    ostras  p
124493634232128_1821709621177179,47,fachin ficou surpreso com divulgacao de lista  diz fonte do stf   noticias   politica o ministro do stf   edson fachin  relator da operacao lava jato na corte  ficou  surpreso  com a divulgacao da abertura de inqueri
124493634232128_1821495341198607,60,rapaz e atropelado por veado ao descer de carro no canada   noticias   tabloide quando cary nbsp mccook nbsp contou para os amigos que havia sido atropelado por um veado  todo mundo achou que ele estivesse mentindo  afinal  era pelo di
124493634232128_1821384067876401,196,funcionario da soco em chefe em seu primeiro dia de trabalho   noticias   tabloide comecar trabalho novo nunca e facil  voce nao tem amizade com os colegas  nao conhece a cultura da empresa  nao sabe ainda como lidar com o chefe  mas  u
124493634232128_1820428494638625,11,nao ha super homem na lava jato  diz janot   agencia estado   uol noticias em compromisso oficial em toquio  o procurador geral da republica  rodrigo janot  fez palestra na embaixada brasileira sobre a luta contra a corrupcao e as
124493634232128_1819843554697119,106,cidadezinha americana faz eleicao anual do idiota local   noticias   tabloide a eleicao mais importante na pequena cidade de story  em indiana    nao e a de prefeito  vereador ou de conselheiro  alias  o vilarejo e tao pequeno qu
124493634232128_1819629914718483,135,stj nega indenizacao a manifestante por foto em jornal na  marcha das vadias    agencia estado   uol noticias em decisao unanime  a terceira turma do stj   negou pedido de indenizacao por violacao a direito de imagem por causa de public
124493634232128_1818291411519000,120,ingles que foi multado se vinga ao bloquear radar de velocidade   noticias   tabloide o motorista de uma bmw virou um especie de  heroi  dos apressadinhos do transito na inglaterra  chris welford    parou seu carro em frente a um radar de
124493634232128_1818233631524778,61,russa trabalha como esquentadora de camas para homens solteiros   noticias   tabloide a russa viktoria ivachyova  de   anos  tem uma profissao diferente  ela e uma  esquentadora de camas  por cerca de r    ela passa uma hora debaixo das
124493634232128_1815715035109971,2556,maceio  alunos oferecem noite com prostituta como premio de rifa de formatura   noticias   cotidiano estudantes formandos do curso de engenharia mecanica da faculdade pitagoras  em maceio    organizaram uma rifa para arrecadar fundos para custear a form
124493634232128_1814948698519938,323,lula se diz ansioso para depor a moro  nao sei o limite deles em invadir minha vida   noticias   politica o ex presidente luiz inacio lula da silva   que esta  ldquo ansioso rdquo  pela audiencia em que vai depor ao juiz da  a
124493634232128_1813459045335570,71,cozinhar comida fedorenta virou crime na italia   noticias   tabloide a italia e um pais apaixonado por sua culinaria  e tambem um local com forte tradicao juridica  nao se estuda  direito romano  nas faculdades a toa  pois
124493634232128_1811941905487284,324,oito advogados de casal de marqueteiros do pt renunciam a defesa apos delacao   agencia estado   uol noticias oito advogados do publicitario joao santana e sua mulher monica moura   marqueteiros das campanhas presidenciais de lula     ren
124493634232128_1811026728912135,71, as  quot correntes do bem quot  difundidas pelo servi ccedil o de mensagens online whatsapp podem gerar como ccedil atilde o e convocar  agrave  participa ccedil atilde o imediata  mas  se voc ecirc  n atilde o sabe exatamente de quem veio nem por qu
124493634232128_1810995482248593,207,temer nao tem para onde ir  diz renan em jantar do pmdb   agencia estado   uol noticias o lider do pmdb no senado  renan calheiros    considera dificil a situacao do presidente michel temer no governo   diziam que a  ex presidente  dil
124493634232128_1810113822336759,1171,estado islamico diz que eua estao sendo governados por um idiota   reuters   uol noticias o estado islamico disse nesta terca feira que os estados unidos estao afundando e  sendo governados por um idiota
124493634232128_1810031335678341,13,vovozinha viraliza em taiwan ao carregar peixe em bolsa que custa r      noticias   tabloide uma idosa ficou famosa sem querer em taiwan por  inocentemente  usar um bolsa de grife para carregar peixes em um mercado  a historia foi parar nas redes s
124493634232128_1809687642379377,2492,grupo protesta contra temer em frente a sede da fiesp  na paulista   noticias   politica um grupo de cerca de   pessoas protesta nesta terca feira   em frente a sede da fiesp  federacao das industrias
124493634232128_1809513612396780,107,tse passa por varredura antibomba antes do julgamento da chapa dilma temer   noticias   politica a seguranca do tse    no primeiro dia do julgamento da chapa dilma rousseff michel
124493634232128_1808552409159567,15,entregador deixa encomenda cair na privada e escreve bilhete pedindo desculpas   noticias   tabloide um ingles chegou em casa e encontrou uma encomenda que havia feito jogada no vaso sanitario  sam cooke publicou uma foto  na internet  com o pacote na priv
124493634232128_1808536635827811,218,renan diz que ainda nao rompeu com temer e que governo parece a selecao de dunga   noticias   politica o lider do pmdb no senado  renan calheiros   que  ainda nao  rompeu com o presidente michel temer  mas chegou a comparar
124493634232128_1807378092610332,642,psdb defende aecio e critica vazamento seletivo da lava jato   noticias   politica em nota divulgada no final da tarde deste domingo    apontado como destinatario de uma propi
124493634232128_1805924546089020,79,trump rouba a cena no dia da mentira em nova york   afp   uol noticias com mascaras de donald trump e caminhando atras de um boneco do presidente indo ao banheiro  dezenas de pessoas desfilaram neste sabado por nova york pelo
124493634232128_1805399796141495,150,jovem perde aposta e acaba sendo preso em poste por amigos   noticias   tabloide um jovem foi  preso  a uma placa de transito com fita adesiva depois de ter perdido uma aposta em houston  nos estados unidos  os motoristas locais que pas
124493634232128_1804051736276301,37,eca  menino de   anos vence concurso de tenis mais fedido dos eua   noticias   tabloide um menino de   anos ganhou o premio de tenis mais fedido dos estados unidos  na  a edicao do national rotten sneaker contest  algo como  concurso naciona
124493634232128_1804084209606387,25,jovem perde aposta e acaba sendo preso em poste por amigos   noticias   tabloide um jovem foi  preso  a uma placa de transito com fita adesiva depois de ter perdido uma aposta em houston  nos estados unidos  os motoristas locais que pas
124493634232128_1803937916287683,139,planalto nao comentara pesquisa cni ibope sobre avaliacao do governo temer   agencia estado   uol noticias a secretaria de comunicacao social da presidencia da republica informou que nao vai comentar a pesquisa da confederacao nacional da industria feita pelo ib
124493634232128_1802904656391009,2281,encontro entre sergio moro e bolsonaro viraliza nas redes sociais  assista   noticias   politica o encontro entre o juiz sergio moro e o deputado federal jair bolsonaro   no aeroporto internacional de brasilia viralizou  nesta quinta feira  nas
124493634232128_1802335719781236,164,menino de tres anos e multado por excesso de velocidade com carrinho de brinquedo   noticias   tabloide a lei e implacavel  aos tres anos de idade  um garotinho canadense entendeu isso pela primeira vez  nathan snow estava andando com seu ford f  em miniat
124493634232128_1802478503100291,5362,luciano huck presidente  brasileiros geram memes nas redes sociais   noticias   tabloide interrompemos nossa programacao para transmitir o pronunciamento do excelentissimo presidente da republica luciano huck  um oferecimento de  creme de avela
124493634232128_1798424740172334,29,voce pode substituir carne por  linhaca    noticias   saude em meio a preocupacao com a qualidade das carnes brasileiras  muita gente passou a se perguntar como substitui las por outros alimentos
124493634232128_1797954073552734,178,alto falantes de cidade turca transmitem audio de filme porno em vez de oracao   noticias   tabloide os alto falantes instalados na cidade turca de kastamonu transmitiram o audio de um filme porno em vez do tradicional chamado muculmano para oracoes na mes
124493634232128_1797967386884736,109,depois de   tentativas    instrutores e   anos  britanico finalmente passa em teste de direcao   noticias   tabloide esta e uma historia de perseveranca e forca de vontade em nome de uma  carteira de habilitacao  o britanico christian whiteley mason passou por   instru
124493634232128_1796948713653270,653,em protesto esvaziado  grupos poupam temer e rechacam lista fechada   agencia estado   uol noticias os grupos que lideraram as manifestacoes pelo impeachment de dilma rousseff voltaram as ruas nesse domingo    para defender a operacao lava jato e protes
124493634232128_1796868986994576,18,mulher que tentou pular muro da casa branca e detida pela  a vez   noticias   uol noticias washington    mar    a mulher que na terca feira passada tentou pular o muro da casa branca foi presa neste domingo perto da residencia presidenci
124493634232128_1796620833686058,1954,manifestacao em brasilia atrai apenas   pessoas   agencia estado   uol noticias 
124493634232128_1793609600653848,226,holandes queria ir para a australia  mas se confunde e vai parar na sydney errada   noticias   tabloide o holandes milan   morador de vaassen in de veluwe  planejou uma viagem para a australia  tudo o que ele queria era fugir do inverno europeu e curtir uma
124493634232128_1793602343987907,3954,participantes de reality show deixam regiao remota apos um ano e descobrem que programa nao esta no ar   noticias   tabloide os dez finalistas de um reality de um canal de tv britanico deixaram a regiao remota de west highlands  depois de um ano de privacoes  para descobrir que o
124493634232128_1793486037332871,220,pt critica vazamentos que vinculam lula e dilma com casos de corrupcao   noticias   uol noticias sao paulo    mar   criticou nesta sexta feira as  condenacoes sem provas  da operacao lava jato e disparou contr
124493634232128_1793439517337523,219,a carne brasileira nao e fraca  e forte e a melhor do mundo  diz temer   noticias   politica em meio a desconfianca internacional sobre a qualidade da carne brasileira apos a operacao da policia federal que investiga um esquema de corrupcao na fisc
124493634232128_1792894790725329,548,pf vai analisar se investiga campanha de holiday apos representacoes dele mesmo e do pt   noticias   politica o mpe   remeteu para o superintendente da policia federal de sao paulo  delegado doutor disney rosseti  a analise da represent
124493634232128_1791456677535807,855,renan afirma que inqueritos sao abertos  sem um fiapo de provas    agencia estado   uol noticias 
124493634232128_1790470180967790,1406,ao lado de alvos da lava jato  moraes toma posse no stf   noticias   politica o advogado e ex ministro da justica alexandre de nbsp moraes    tomou nbsp posse nesta quarta feira   no cargo de ministro do stf  supremo tribunal fe
124493634232128_1790335584314583,383,em evento do pcdob  maia aplaude video que chama temer de  golpista    agencia estado   uol noticias enquanto o plenario da camara tentava votar nesta quarta feira   o projeto que regulamenta a terceirizacao no pais  o presidente da casa  rodrigo maia
124493634232128_1788629104485231,163,advogado que discutiu com moro deixa defesa de lula   noticias   politica o advogado criminalista juarez cirino dos santos comunicou ao juiz federal sergio moro  em documento protocolado na ultima sexta feira   que deixara a d
124493634232128_1788292594518882,24,chineses instalam scanner facial em banheiros contra desperdicio de papel higienico   noticias   tabloide um sistema de reconhecimento facial foi instalado nos banheiros publicos do templo do ceu em pequim para evitar o desperdicio de papel higienico  que era u
124493634232128_1786743314673810,2092,ida de temer a churrascaria em brasilia rende memes com papelao   noticias   politica a ida do nbsp presidente michel temer a uma churrascaria em brasilia na noite deste domingo    acompanhado de nbsp embaixadores de paises importadores d
124493634232128_1780751375273004,46,padre pede perdao por usar fantasia de dono da playboy no carnaval   noticias   tabloide carnaval e aquela festa de quatro dias em que a gente pode se divertir  dancar  beber  curtir e se fantasiar  e a epoca do ano em que homem pode se veste d
124493634232128_1780995935248548,122,comite do senado nao ve indicios de grampos de obama contra trump   noticias   uol noticias o comite de inteligencia do senado dos estados unidos afirmou nesta quinta feira   que nao encontrou indicios de que o governo do ex presidente barack o
124493634232128_1780730901941718,72,mulher pede namorado em casamento vestida como dinossauro   noticias   tabloide chelsea pearson quer se casar com seu namorado  andrew dunlap  mas  para ele ficar sabendo disso  a moca  moradora de spokane  em washington    resolve
124493634232128_1780490875299054,55,pf indicia ex capa da playboy na lava jato   agencia estado   uol noticias tres anos apos receber um telefonema do doleiro alberto youssef avisando que havia caido na operacao lava jato  a modelo taiana de souza camargo entrou na
124493634232128_1780395158641959,68,assassino que fugiu para o brasil ganha processo para receber a peruca de volta   afp   uol noticias a justica neozelandesa deu razao nesta quinta feira   a um assassino pedofilo que acusou as autoridades penitenciarias de violacao de seus direitos ao c
124493634232128_1779163975431744,32,delator da carioca diz que deu sacola de dinheiro a  barrigudo  com suspensorio   agencia estado   uol noticias o engenheiro civil joao henrique tebyrica de sa  que faz parte do acordo de leniencia da carioca engenharia na operacao lava jato  relatou a procuradoria d
124493634232128_1779067105441431,155,gleisi hoffmann chama dilma como testemunha em acao penal no stf   agencia estado   uol noticias 
124493634232128_1779010928780382,109,lula desiste de renan como sua testemunha de defesa   agencia estado   uol noticias 
124493634232128_1778191735528968,582,senado fica esvaziado apos noticia de pedidos de abertura de inquerito   agencia estado   uol noticias senadores receberam no plenario a noticia de que a procuradoria geral da republica     pedidos de inquerito c
124493634232128_1778208682193940,506,em nota assinada por aecio  psdb diz que sempre defendeu investigacoes   agencia estado   uol noticias em nota divulgada na noite desta terca feira    o psdb afirma que  sempre defendeu a realizacao de investigacoes  o presidente do partido  aecio neves
124493634232128_1777683172246491,153,bebado perde chaves de carro e rouba empilhadeira para voltar para casa   noticias   tabloide um norte americano bebeu  ficou bem transtornado por conta do alcool e perdeu as chaves do carro  ja seria um absurdo dirigir bebado  mas  dada a situacao
124493634232128_1777703145577827,187,o que um bode fazia sozinho em um carro em hospital no canada    noticias   tabloide uma canadense tomou um susto quando viu um bode sentado no banco do motorista de um carro que estava estacionado em um hospital na cidade de ottawa  ann mc
124493634232128_1777489905599151,1017,deputada do texas propoe lei pra multar masturbacao masculina em protesto contra restricoes ao aborto   bbc   uol noticias a deputada democrata jessica farrar  do texas  no sul dos estados unidos  encontrou uma forma pouco usual de dar uma resposta ao que ela ve como leis restr
124493634232128_1777294762285332,213,foragido  numero   do pcc pede protecao contra policiais   agencia estado   uol noticias rogerio jeremias de simone  o gege do mangue  considerado por autoridades que investigam o crime organizado como o numero do   do primeiro comando da capit
124493634232128_1776259259055549,58,assessora de trump sugere que foi espionada com microondas  mas recua   noticias   uol noticias washington    mar    a conselheira do presidente dos estados unidos donald trump  kellyanne conway  sugeriu ontem que seu chefe teria sido espiona
124493634232128_1776283465719795,2006,deputado diz que mickey e homossexual e que disney faz apologia ao  gayismo    agencia estado   uol noticias a polemica com o deputado federal victorio galli   comecou na semana passada  quando ele compartilhou  em sua pagina do facebook  uma ilustracao em
124493634232128_1773578689323606,120,homem rouba posto de gasolina fantasiado de tubarao   noticias   tabloide tem um tubarao perigoso a solta nas ruas de nova zelandia  nao se trata  obviamente  do animal  mas de um bandido que assaltou um posto de gasolina
124493634232128_1771871196161022,241,baba ou mulher  a inesperada polemica no video em que criancas  invadem  entrevista ao vivo   bbc   uol noticias era para ser um video apenas engracado  o professor americano robert kelly dava uma entrevista ao vivo a bbc sobre o impeachment da presidente da coreia do
124493634232128_1771324789548996,25,crianca interrompe homem do tempo na tv e preve puns e arrotos na regiao   noticias   tabloide um meteorologista de um canal de tv do mississippi  nos estados unidos  foi interrompido ao vivo por um garotinho  patrick ellis  o homem do tempo da wlbt
124493634232128_1767517449929730,67,moro manda pezao escolher um dia para depor como testemunha de cabral   agencia estado   uol noticias o juiz federal sergio moro enviou um oficio ao governador do rio  luiz fernando pezao    para que ele escolha uma data para depor como testemunha de d
124493634232128_1767594886588653,27,jovem faz malabarismo   para provar a policial que nao estava bebado   noticias   tabloide o estudante blayk puckett  da universidade de central arkansas  nos estados unidos  estava dirigindo bem devagar em uma rua dentro do campus durante a noit
124493634232128_1766202380061237,22,policiais seguem rastro de latas de cerveja para encontrar fugitivo   noticias   tabloide um detento do condado de wise  na virginia    conseguiu escapar do forum local e roubar uma camionete para fugir  o que ele nao esperava era que a poli
124493634232128_1766217690059706,211,funcionario vende casa e monta quarto secreto no predio publico onde trabalha   noticias   tabloide quem nunca pensou que seria uma boa ideia ter uma cama no trabalho para tirar um soninho depois do almoco  hein  um funcionario publico do estado de rhode
124493634232128_1766198496728292,118,universitaria da a desculpa mais honesta possivel apos atrasar licao de casa   noticias   tabloide a americana rachel harriman    estudante da universidade de ohio state  atrasou a entrega de um trabalho na faculdade em algumas horas  ela poderia ter i
124493634232128_1764715573543251,245,onibus em chamas vira cenario de foto de casamento   noticias   tabloide o casal krissi e shane mccollow estava a caminho do proprio casamento junto com amigos quando um incendio comecou no onibus onde estavam  no dia em que tud
124493634232128_1764695753545233,60,homem pede a namorada em casamento durante voo  passa mal e vomita   noticias   tabloide era para ser o dia mais romantico da vida do americano darrell hamilton junior e de sua namorada rheanna  o sujeito passou mais de um ano planejando a mane
124493634232128_1764551263559682,14,marronzinhos  da cet vao virar  amarelinhos  anuncia doria   agencia estado   uol noticias 
124493634232128_1761493920532083,25,clique ciencia  comida que cai no chao pode ser salva em cinco segundos    noticias   ciencia para muitas pessoas  a regra e clara  se um alimento que caiu no chao for resgatado em menos de cinco segundos    ele pode ser consumido n
124493634232128_1761853947162747,183,distracao no transito  hacker faz placa de publicidade exibir porno no mexico   noticias   tabloide uma placa de publicidade localizada em uma movimentada estrada da cidade do mexico exibiu imagens pornograficas durante alguns minutos desta sexta feira
124493634232128_1761523773862431,123,trump acusa obama de grampear seu telefone durante campanha  ex presidente nega   afp   uol noticias o presidente donald trump  dos eua  acusou neste sabado   seu antecessor  barack obama  de usar escutas telefonicas durante a campanha eleitoral do ano p
124493634232128_1759885787359563,2068,bombeiros resgatam o mesmo cachorro de telhado duas vezes em uma hora   noticias   tabloide voce pode comprar a racao mais cara  o brinquedinho mais legal  a coleira mais confortavel  mas  as vezes  tudo o que seu caozinho quer e ver a vida la for
124493634232128_1758533024161506,1013,americano diz que e o rei da inglaterra e intima elizabeth  a a entregar os bens   noticias   tabloide qualquer um que tenha o minimo de conhecimento sobre monarquia sabe que a atual rainha do reino unido e elizabeth  a  e que seus sucessores sao  na ordem
124493634232128_1758714614143347,491,psdb diz que odebrecht fez doacao legal de r    mi para campanha de     agencia estado   uol noticias depois do relato de marcelo odebrecht dizendo que o presidente nacional do psdb  senador aecio neves    teria lhe pedido r    milhoes no final do prime
124493634232128_1758748277473314,20,temer pretende responder as   perguntas de cunha  diz planalto   agencia estado   uol noticias o presidente michel temer nao pretende ignorar as   perguntas feitas a ele pelo ex presidente da camara eduardo cunha  em relacao a um processo que tramit
124493634232128_1758450510836424,354,dilma diz que declaracoes de odebrecht sao mentirosas e fala em divulgacao seletiva   noticias   politica a ex presidente dilma rousseff   afirmou  por meio de nota enviada a imprensa  serem mentirosas as declaracoes a seu respeito atribuidas nbsp ao empresa
124493634232128_1757743767573765,25,verba disponivel para muro de trump na fronteira so bancaria prototipos  mostra documento   reuters   uol noticias a promessa do presidente dos estados unidos  donald trump  de usar os fundos existentes para iniciar a construcao imediata de um muro na fronteira dos eua
124493634232128_1757241640957311,10,grupo protesta na chegada de odebrecht para depor no pr   noticias   politica um grupo de quatro manifestantes vestidos com camisetas com mensagens de apoio nbsp ao juiz federal sergio moro  a  republica de curitiba  e a operacao lav
124493634232128_1757204217627720,1010,homem se esfaqueia para nao ir ao trabalho e e preso   noticias   tabloide um japones se esfaqueou para poder faltar ao trabalho no dia seguinte
124493634232128_1755778437770298,139,ingles que foi multado se vinga ao bloquear radar de velocidade   noticias   tabloide o motorista de uma bmw virou um especie de  heroi  dos apressadinhos do transito na inglaterra  chris welford    parou seu carro em frente a um radar de
124493634232128_1754169581264517,187,russa trabalha como esquentadora de camas para homens solteiros   noticias   tabloide a russa viktoria ivachyova  de   anos  tem uma profissao diferente  ela e uma  esquentadora de camas  por cerca de r    ela passa uma hora debaixo das
124493634232128_1754074867940655,48,rs  explosao de confetes e confundida com tiros e causa panico em shopping   noticias   cotidiano a onda de criminalidade que assola o rio grande do sul tem deixado os gauchos com os nervos a flor da pele  nesse fim de semana  estampidos dentro de um do
124493634232128_1753977467950395,18,oscar   anuncia vencedor errado  veja outras   gafes em premiacoes   bbc   uol noticias foi um momento inesquecivel para a industria do entretenimento  mas pelas razoes erradas  quando la la land   cantando estacoes foi
124493634232128_1753078944706914,192,presidente da islandia gostaria de poder proibir por lei o abacaxi na pizza   noticias   tabloide o presidente da islandia  gudni johannesson  provocou uma polemica internacional ao declarar que  se dependesse dele   proibiria por lei o abacaxi como ing
124493634232128_1750360524978756,100,ong afirma que henrique capriles recebeu us    milhoes da odebrecht   noticias   uol noticias caracas    fev    a ong frente anticorrupcao venezuela denunciou nesta sexta feira perante o ministerio publico o ex candidato a presidencia da ve
124493634232128_1749955481685927,1007,temer diz que pediu doacao a odebrecht  mas nao autorizou irregularidades   noticias   politica em comunicado a imprensa divulgado no final da tarde desta sexta feira    o presidente michel temer afirmou ter pedido apoio financeiro a odebrecht para
124493634232128_1749923491689126,487,novas regras de imigracao tornariam melania trump uma prioridade para deportacao nos anos     noticias   internacional em   de novembro de   a agencia de noticias the associated press nbsp noticiou que tinha obtido documentos mostrando que melania trump  na epoca conhec
124493634232128_1749467328401409,16,escoceses usam secador de cabelo como radar para evitar que motoristas corram   noticias   tabloide os moradores de hopeman  uma pequena cidade no interior da escocia  estao usando a criatividade para tentar impedir que motoristas apressadinhos ultrapasse
124493634232128_1749400128408129,580,novas regras de imigracao tornariam melania trump uma prioridade para deportacao nos anos     noticias   internacional em   de novembro de   a agencia de noticias the associated press nbsp noticiou que tinha obtido documentos mostrando que melania trump  na epoca conhec
124493634232128_1749359865078822,1042,por privacidade de marcela  familia temer vai passar carnaval na bahia   agencia estado   uol noticias o presidente michel temer e sua familia embarcam nesta sexta feira    as   horas  para salvador  na bahia  a fim de passar o feriado do carnaval na bas
124493634232128_1748826775132131,1292,por privacidade de marcela  familia temer vai passar carnaval na bahia   agencia estado   uol noticias o presidente michel temer e sua familia embarcam nesta sexta feira    as   horas  para salvador  na bahia  a fim de passar o feriado do carnaval na bas
124493634232128_1748768841804591,379,nao existirao vazamentos nem paises que nao cooperem na lava jato  diz moro   noticias   uol noticias lima    fev   que  nao existirao vazamentos nem paises que nao cooperem  com as investiga
124493634232128_1748501241831351,554,homem acusa cachorro de atirar em sua namorada que estava dormindo   noticias   tabloide alo  policia  minha namorada acabou de ser baleada por meu cachorro  foi mais ou menos assim que um homem reagiu na noite da ultima terca feira   quan
124493634232128_1748315961849879,462,mestre do kung fu diz que chute nas partes baixas combate ejaculacao precoce   noticias   tabloide wei yaobin e conhecido na china como o mestre do kung fu da  virilha de aco  ja imaginou o que ele faz  ne  pois bem  e isso mesmo  ele leva chutes la nas
124493634232128_1747491345265674,73,com serra  governo temer tem saida de quase um ministro por mes   noticias   politica com a saida de jose serra   do ministerio das relacoes exteriores  o governo de michel temer perde seu oitavo ministro em menos de um ano de mandat
124493634232128_1746839901997485,28,pezao sera ouvido por moro como testemunha de defesa de cabral   noticias   politica o governador do rio de janeiro  luiz fernando pezao    vai ser ouvido pelo juiz federal sergio moro  responsavel pelos processos da operacao lava jato
124493634232128_1746670725347736,133,chefes do trafico no rio vao a oea para denunciar tortura e pena cruel   noticias   cotidiano quatro chefes do trafico de drogas no rio de janeiro entraram com uma peticao na cidh    orgao da oea  organiza
124493634232128_1742887802392695,31,trump completa um mes no poder com gafes e polemicas   noticias   internacional o primeiro mes do governo donald trump viu acontecer uma batalha judicial em torno da proibicao de entrada de refugiados e de cidadaos de sete paises de ma
124493634232128_1741759029172239,160,saude mental de trump vira tema de debate nos estados unidos   noticias   uol noticias um numeroso grupo de especialistas em saude mental esta lancando a voz de alarme sobre a possibilidade de que o presidente dos estados unidos  donald trump
124493634232128_1740716322609843,114,ingles que foi multado se vinga ao bloquear radar de velocidade   noticias   tabloide o motorista de uma bmw virou um especie de  heroi  dos apressadinhos do transito na inglaterra  chris welford    parou seu carro em frente a um radar de
124493634232128_1740570329291109,57,homem bebe e dirige para ir ate entrevista de emprego  na policia   noticias   tabloide com a crise  muita gente no brasil esta desempregada e procurando uma chance no mercado de trabalho  o editor do uol tabloide nao e coach  nem nunca trabal
124493634232128_1737986389549503,160,ingles que foi multado se vinga ao bloquear radar de velocidade   noticias   tabloide o motorista de uma bmw virou um especie de  heroi  dos apressadinhos do transito na inglaterra  chris welford    parou seu carro em frente a um radar de
124493634232128_1738004086214400,13,loja online usa suspeita de matar irmao de kim jong un para vender camiseta   noticias   tabloide o regime politico da china pode ser comunista  mas a economia ja e tao capitalista  que tem loja querendo lucrar com a morte de kim jong nam  irmao do lide
124493634232128_1737258016289007,616,casal vai de charrete ao motel e ganha ate cortesia em suite presidencial   noticias   cotidiano um casal inovou ao ir de charrete para um motel em ribeirao preto  o homem gravou a entrada do casal na suite e  gracas a simpatia e ao inusitado  recebeu
124493634232128_1736714919676650,86,trump ataca imprensa desonesta e defende historico do governo   noticias   internacional o presidente dos eua  donald trump  afirmou que a imprensa americana esta sendo  desonesta  e prestando um  desservico  a populacao do pais ao cobrir o ini
124493634232128_1736507869697355,125,internautas lamentam e festejam mais um falso aviso de fim do mundo   noticias   ciencia nao  o mundo nao vai acabar hoje  como o uol ciencia e saude ja te alertou  mas os internautas estao loucos com a falsa noticia  um misto de frustracao e f
124493634232128_1736228453058630,563,mulher e presa por colocar bacon nas macanetas de mesquita nos eua   noticias   tabloide uma mulher de   anos espalhou pedacos de bacon nas macanetas das portas de uma mesquita  na cidade de davis  na california    os muculmanos nao consom
124493634232128_1736093089738833,30,olhe para tras  seu coco diz muito sobre sua saude   noticias   saude voce mal levanta do vaso sanitario e ja abaixa a tampa para puxar a descarga  com as maos ainda molhadas aperta o purificador de ar para disfarcar o cheiro
124493634232128_1734226166592192,57,taxista diz que correu muito por causa dos gases de seus passageiros   noticias   tabloide um taxista multado por dirigir acima da velocidade permitida deu uma desculpa tao esfarrapada que os policiais na hora se tocaram que aquela historia  nao
124493634232128_1733463876668421,99,cabral passa mal e e levado para atendimento em upa no complexo de bangu   noticias   politica o ex governador sergio cabral   do complexo peni
124493634232128_1733362070011935,467,ladrao furta carro funerario  encontra corpo e volta para trocar de veiculo   noticias   tabloide um bandido furtou uma van de um necroterio na cidade de riverside  na california    segundo a policia  o motorista
124493634232128_1732202896794519,26,colombiano finge ter sido sequestrado para conseguir pagar conta de bordel   noticias   tabloide um jovem colombiano fingiu ter sido sequestrado quando percebeu que nao teria dinheiro para pagar a conta de um bordel  depois de quatro dias regados a sex
124493634232128_1732177100130432,36,policia usa ate helicoptero em operacao de busca  mas desaparecido estava no bar   noticias   tabloide a policia e os bombeiros do pais de gales acharam que um sujeito tinha caido no mar  o homem simplesmente desapareceu depois de ser visto caminhando no est
124493634232128_1730122173669258,1519,homem diz que roubou us    bilhoes porque jesus quer que ele fique rico   noticias   tabloide um norte americano acusado de ter acumulado us    bilhoes   em transferencias fraudulentas afirmou  em audiencia na justica  que s
124493634232128_1730006223680853,27,presidencia deixou trump com raiva  funcionarios relatam clima na casa branca   noticias   internacional nao esta sendo facil para donald trump ser presidente dos eua  o bilionario que exerce um cargo publico politico pela primeira vez em sua vida tem demonstr
124493634232128_1729084290439713,396,moreira alves  casa civil comete gafe em documento enviado por temer ao stf   noticias   politica em defesa da nomeacao de moreira franco    um documento
124493634232128_1728675750480567,197,marido infiel acusa uber de causar o seu divorcio e pede indenizacao   afp   uol noticias nice  franca    fev       um marido frances infiel processou a empresa uber  acusando a de ser responsavel por seu divorcio por causa de uma falha
124493634232128_1728539063827569,173,presidencia deixou trump com raiva  funcionarios relatam clima na casa branca   noticias   internacional nao esta sendo facil para donald trump ser presidente dos eua  o bilionario que exerce um cargo publico politico pela primeira vez em sua vida tem demonstr
124493634232128_1726807330667409,99,em livro  moraes defende argumento que poderia cassar temer   bbc   uol noticias o ministro da justica licenciado  alexandre de moraes  indicado pelo presidente michel temer para o supremo tribunal federal    manifestou em um dos se
124493634232128_1725848527429956,289,trump critica rede de lojas por retirar linha de roupa de sua filha   noticias   uol noticias 
124493634232128_1725788037436005,516,diretor chama aneurisma de cunha de esperteza e nega falta de tratamento em cadeia   noticias   politica o diretor do depen nbsp   do parana nbsp luiz alberto cartaxo de moura  afirmou que o complexo medico penal  em pinhais  regiao
124493634232128_1725557790792363,20,perfil no facebook mistura cenas brasileiras e historia  o resultado e pura zoeira   noticias   tabloide como um perfil em ingles no facebook somou   mil fas brasileiros em apenas tres semanas  alem de fazer seus seguidores treinarem outra lingua  a fanpage
124493634232128_1725562487458560,14,um unico salgadinho foi vendido por quase us    mil na internet   noticias   tabloide um pacotinho de salgadinho custa  em media  r    em um supermercado brasileiro  o que  entao  leva um sujeito a pagar us    mil   e
124493634232128_1725458747468934,20,vilarejo em cuba encena funeral de morador vivo   bbc   uol noticias uma senhora lamenta enquanto caminha pelo cemiterio de santiago de las vegas  em cuba
124493634232128_1723707474310728,93,mulher fica feliz com flores do marido  mas presente era para o  cachorro   noticias   tabloide a americana debra cardone ficou feliz da vida quando percebeu que havia recebido flores do seu marido  no entanto  quando pegou o arranjo nas maos  percebe
124493634232128_1723821950965947,964,coveiro avisa que e  proibido  morrer nos fins de semana em eldorado     agencia estado   uol noticias o que parecia uma brincadeira era um protesto real dos funcionarios da zeladoria do cemiterio municipal  o unico da cidade de   mil habitantes  contra o
124493634232128_1723679980980144,948,policia ameaca punir motoristas bebados com musicas do justin bieber   noticias   tabloide nao basta apenas a multa  a prisao e a apreensao do veiculo  no estado de minnesota  nos estados unidos  os policiais ameacam fazer os condutores dancarem
124493634232128_1722644891083653,26,era mais divertido antes da eleicao  o americano que ganha a vida imitando trump   bbc   uol noticias enquanto caminha por hong kong  o americano dennis alan e parado por pessoas avidas por fazer fotos com ele
124493634232128_1722345781113564,55,ladrao fica preso em janela ao tentar invadir casa na inglaterra   noticias   tabloide policiais ingleses prenderam um ladrao atrapalhado que acabou ficando preso na janela da casa de uma senhora  a policia de manchester  na inglaterra  publi
124493634232128_1720818481266294,13,quem e o assessor de trump que se declara o darth vader da politica dos eua   noticias   uol noticias stephen bannon  o chefe de estrategia do presidente dos estados unidos  donald trump  se estabeleceu em seus primeiros dias na casa branca como o cerebro d
124493634232128_1720107581337384,796,alckmin promete inaugurar   novas estacoes da linha   do metro ate fim do ano   noticias   cotidiano o governador de sao paulo  geraldo alckmin    anunciou  em video divulgado em seu perfil no facebook  que ira inaugurar nbsp nove novas estacoes da li
124493634232128_1718251354856340,580,eike nao recebeu visita de parentes em bangu  e mulher nao pediu visita intima   noticias   politica o dj e produtor olin batista    um dos filhos do empresario eike batista  tem feito campanha nas redes sociais em apoio ao pai  que esta preso na peniten
124493634232128_1717053024976173,2371,bolsonaro tem apenas quatro votos em eleicao para presidente da camara   noticias   politica o deputado federal jair bolsonaro   ficou em ultimo lugar em quantidade de votos na eleicao para o novo presidente da camara dos deputados ocorrida
124493634232128_1716913224990153,8827,bolsonaro tem apenas quatro votos em eleicao para presidente da camara   noticias   politica o deputado federal jair bolsonaro   ficou em ultimo lugar em quantidade de votos na eleicao para o novo presidente da camara dos deputados ocorrida
124493634232128_1715022015179274,520,filho de eike faz campanha pelo pai em rede social   agencia estado   uol noticias preso em bangu suspeito de pagar propina ao ex governador do rio de janeiro sergio cabral    o empresario eike batista ganhou mensagens de apoio e ate
124493634232128_1715036815177794,153,casal e preso por mandar cartas com papel higienico usado a celebridades   noticias   tabloide um casal italiano foi preso por mandar cartas ameacadoras e papel higienico usado a diversas figuras publicas  segundo o esquadrao antiterrorista de milao
124493634232128_1714665611881581,75,passaros soltam pum  cientistas fazem banco de dados sobre o peido animal   noticias   ciencia na natureza  a pergunta  ldquo quem soltou pum rdquo  tem uma resposta certa  com certeza nao foram os passaros  para tirar a duvida de quais especies sol
124493634232128_1712994758715333,610,duvida do internauta  eike teve o cabelo raspado ou a peruca confiscada    agencia estado   uol noticias quando as fotos do empresario eike batista no presidio ary franco comecaram a ser divulgadas na redes sociais  uma duvida assolou milhares de internautas
124493634232128_1712941755387300,87,mulher de   anos e presa na argentina por sacar arma em delegacia   noticias   uol noticias buenos aires    jan    uma mulher de   anos foi detida nesta segunda feira na argentina por exibir uma arma em uma delegacia da provincia de cord
124493634232128_1712350188779790,45,defesa pede que eike fique na pf diante de  ameaca a sua vida    agencia estado   uol noticias e notorio que o requerente e empresario  com notoria visibilidade no pais  de forma que seu encarceramento deste modo  em estabelecimento penal em conjun
124493634232128_1712257452122397,1281,em pe  temer diz que aumentou recursos para educacao em   bilhoes de  cruzeiros    agencia estado   uol noticias em sua terceira passagem pelo nordeste  o presidente michel temer cometeu uma gafe durante discurso nesta segunda feira    ao dizer que quando preparou o
124493634232128_1711661978848611,71,homem abandona cassino  rouba banco e volta para continuar jogando   noticias   tabloide um americano confessou que assaltou um banco entre uma aposta e outra em um cassino na virginia ocidental  nos estados unidos  em agosto do ano passado  ke
124493634232128_1711421165539359,27,estou a disposicao da justica  diz eike ao embarcar para o brasil   noticias   politica o empresario eike nbsp batista confirmou que vai se entregar a justica brasileira quando chegar ao brasil nesta segunda feira    a declaracao foi dada e
124493634232128_1711110675570408,65,estou a disposicao da justica  diz eike ao embarcar para o brasil   noticias   politica o empresario eike nbsp batista confirmou que vai se entregar a justica brasileira quando chegar ao brasil nesta segunda feira    a declaracao foi dada e
124493634232128_1707943575887118,97,motorista ultrapassa limite de velocidade e da a pior desculpa esfarrapada   noticias   tabloide quase todo motorista que ja foi multado por excesso de velocidade apresenta as mesmas desculpas   nao vi a placa  e  tava com pressa  estao entre as mais c
124493634232128_1707502419264567,89,sem visitas e sem festa  o primeiro aniversario de cabral na prisao   noticias   politica o ex governador do rio de janeiro sergio cabral    no presidio pedro werling d
124493634232128_1707593549255454,483,internautas se divertem com fuga de eike batista  veja os memes   noticias   politica a fuga de eike batista e o assunto da semana  e todos tem um palpite sobre onde ele esta
124493634232128_1707216949293114,113,equipe de trump confunde nome de premier com estrela porno   noticias   uol noticias roma    jan     a equipe do governo do presidente norte americano  donald trump  cometeu uma gafe internacional antes do pr
124493634232128_1706065796074896,342,homem diz que roubou banco porque nao aguentava mais viver com a mulher   noticias   tabloide em um assalto a banco  voce pega dinheiro que nao e seu  ameaca e amedronta outras pessoas e  por vezes  acaba ate ferindo alguem  mas  um homem morador de
124493634232128_1705914749423334,1891,sem ensino superior  eike pode ir para cela comum em presidio no rio   noticias   politica procurado pela policia federal desde o inicio da manha desta quinta feira    o empresario eike batista devera aguardar julgamento em uma cela comum em u
124493634232128_1705742279440581,208,ex mulher desconhecia origem de dinheiro dado por cabral  diz advogado   noticias   politica o advogado de suzana neves  ex mulher de sergio cabral  afirmou nesta quinta feira   que sua cliente desconhecia a origem do dinheiro dado a ela pelo ex
124493634232128_1705619119452897,60,ciclista chines percorre   quilometros na direcao errada   noticias   uol noticias um trabalhador emigrante da china tentou retornar para a casa de sua familia saindo de seu atual local de trabalho  situado a   quilometros  montado em
124493634232128_1704720972876045,378,na espanha  dilma diz temer golpe dentro do golpe para prejudicar lula   noticias   uol noticias sevilha    a ex presidente dilma rousseff afirmou nesta quarta feira  em um seminario na espanha  que teme um  golpe dentro do go
124493634232128_1704293789585430,195,photoshop  sorrisinho e luz  a internet nao perdoou a foto oficial do temer   noticias   politica a internet esta em polvorosa com o retrato oficial de michel temer    a imagem
124493634232128_1704359269578882,229,ladrao e preso apos roubar bolsa de delegada em restaurante da zona oeste de sp   agencia estado   uol noticias imagens gravadas pelas cameras de seguranca do restaurante  que fica na regiao de pinheiros  na zona oeste da capital paulista  mostram toda a acao do band
124493634232128_1704290536252422,619,photoshop  sorrisinho e luz  a internet nao perdoou a foto oficial do temer   noticias   politica a internet esta em polvorosa com o retrato oficial de michel temer    a imagem
124493634232128_1703862156295260,31,em ano de impeachment  brasil fica estavel em ranking internacional de corrupcao   noticias   politica em nbsp ano de impeachment e de recorde de fases da operacao lava jato  o nbsp brasil nbsp ficou com a  a posicao no ranking sobre a percepcao da corrupca
124493634232128_1702935466387929,84,trump acredita que milhoes votaram ilegalmente em eleicoes  diz porta voz   noticias   internacional o presidente dos eua  donald trump  acredita que cerca de   milhoes de pessoas votaram ilegalmente nas eleicoes que o consagraram presidente  afirmou nesta
