124493634232128_1917986884882785,238,carioca encontrado por amigos de infancia na cracolandia de sp morre em clinica   agencia estado   uol noticias um homem natural da cidade do rio de janeiro encontrado na cracolandia da regiao central de sao paulo morreu na noite desta quarta feira   em uma clinica
124493634232128_1917662894915184,337,mianmar diz ter encontrado corpos e fuselagem de aviao desaparecido   noticias   internacional um porta voz da nbsp forca aerea de mianmar informou nesta quinta feira   que foram encontrados no oceano indico partes de fuselagem e corpos de ocupante
124493634232128_1916357531712387,707,cadela salva familia de deslizamento  mas morre soterrada  foi ela quem avisou   noticias   cotidiano a cadela menina poderia ter fugido do desmoronamento de um barranco em votorantim  no interior de sao paulo  mas preferiu se arriscar e perder a vida para
124493634232128_1916194988395308,2284,mianmar encontra destrocos de aviao militar no mar   afp   uol noticias um aviao militar birmanes com mais de   pessoas desapareceu nesta quarta feira   dos radares em mianmar e destrocos da aeronave foram encontrados no ma
124493634232128_1915131985168275,31,quatro ainda estao desaparecidos apos ataques em londres  diz policia   noticias   uol noticias quatro familias continuam sem qualquer noticia sobre seus parentes tres dias depois o ataque terrorista em londres  enquanto as autoridades britanicas segu
124493634232128_1914401005241373,624,jovem foi morta quando tentava ajudar vitimas de ataque em londres   noticias   internacional kirsty boden  uma enfermeira australiana funcionaria de um hospital londrino  foi morta quando tentava ajudar as pessoas atropeladas pela van na london bri
124493634232128_1914029131945227,2367,exclusivo  as imagens da tragedia da fome entre criancas na venezuela   bbc   uol noticias a venezuela esta mergulhada em uma grave crise economica e os mais jovens acabam sendo os mais vulneraveis
124493634232128_1912816385399835,70,divorcio conflituoso dos pais prejudica saude dos filhos por decadas  diz estudo   noticias   saude quando as criancas vivenciam um divorcio ou separacao conflituosa de seus pais  a situacao parece prejudicar sua saude por decadas  ate a idade adulta  dis
124493634232128_1912768278737979,441,garoto que virou simbolo da guerra na siria ainda vive em aleppo e reaparece na tv   noticias   internacional quase um ano depois de sua imagem se tornar um simbolo do sofrimento das criancas atingidas pela guerra civil na siria  o pequeno omran daqneesh reapareceu
124493634232128_1912779155403558,3228,milagre  bebe que nasceu sem nariz morre aos   anos   noticias   saude conhecido como um  milagre  por ter nascido sem nariz  o bebe norte americano eli thompson faleceu neste sabado   aos dois anos de idade  a crianca havia
124493634232128_1911363462211794,5711,canadense vitima de ataque em londres morreu nos bracos do noivo   noticias   internacional a canadense christine archibald e a primeira vitima identificada dos ataques terroristas ocorridos em londres na noite deste sabado
124493634232128_1910839318930875,70,morre jovem linchado e queimado vivo durante protesto na venezuela   noticias   uol noticias caracas    jun    o ministerio publico da venezuela informou neste domingo a morte de orlando figuera  um jovem de   anos que foi queimado por var
124493634232128_1910798868934920,180,a vida oculta de alfaiate que morreu na prisao apos policia saudita descobrir sua transexualidade   bbc   uol noticias mohammad amin era  como costumavam dizer  um homem de familia  tinha esposa  quatro filhos e cinco filhas
124493634232128_1910757592272381,19,testemunhas relatam horror e heroismo durante atentado em londres   bbc   uol noticias as testemunhas do atentado em londres  que deixou sete pessoas mortas e pelo menos   feridas  relatam cenas de horror e atos de heroismo nos momentos do a
124493634232128_1910347335646740,59,como foi o ataque em londres que deixou   mortos e   feridos   noticias   internacional sete pessoas morreram e outras   ficaram feridas em um ataque na noite de sabado   em londres  o ataque  que durou oito minutos  comecou com uma nbsp va
124493634232128_1910194845661989,291,pela  a vez no ano  atentados levam terror a inglaterra e matam   pessoas   noticias   internacional um ataque coordenado que levou oito minutos e deixou sete mortos em dois lugares proximos de londres no sabado   volta a acender o alerta para o terror n
124493634232128_1909697305711743,2184,ataques terroristas matam   pessoas e ferem   em londres   noticias   internacional a policia de londres atualizou o numero de pessoas mortas nos ataques terroristas em dois locais diferentes da capital inglesa na noite deste sabado    s
124493634232128_1909111119103695,57,morre jovem incapacitado atingido por disparo em protesto na venezuela   noticias   uol noticias caracas    jun    o ministerio publico da venezuela informou neste sabado da morte de um jovem incapacitado que tinha sido ferido por um disparo du
124493634232128_1909022145779259,68,opositores protestam contra a fome em varias cidades da venezuela   noticias   uol noticias caracas    jun    milhares de opositores venezuelanos protestam neste sabado em caracas e em varias cidades do interior  contra a fome  no  o dia
124493634232128_1908946115786862,23,forcas sirias e rebeldes entram em intensos confrontos na cidade de deraa   noticias   uol noticias cairo    jun    as forcas governamentais da siria e faccoes islamicas e rebeldes protagonizaram intensos combates neste sabado  na cidade de deraa
124493634232128_1907166472631493,32,morte de tim lopes completa   anos e e lembrada com homenagem em copacabana   noticias   cotidiano em   de junho de   tim lopes  jornalista premiado da  tv globo  era brutalmente assassinado por criminosos da vila cruzeiro e do complexo do alemao  n
124493634232128_1906843189330488,76,ataque a cassino em manila termina com   mortos  diz policia filipina   noticias   uol noticias 
124493634232128_1906015076079966,7305,mae sai do coma e descobre que a filha de   anos morreu no atentado de manchester   noticias   internacional mais de uma semana depois do atentado que matou   pessoas em manchester no dia   de maio  a mae da vitima mais jovem finalmente iniciou seu processo de l
124493634232128_1905641176117356,1837,jovem de   anos morre enquanto limpava o freezer de sua casa   noticias   cotidiano uma jovem de   anos morreu em decorrencia de uma descarga eletrica enquanto limpava o freezer de sua casa na area rural de candido sales  sudoeste da bahi
124493634232128_1904318532916287,652,andreas von richthofen era considerado aluno exemplar por professores   noticias   cotidiano um aluno brilhante  competente e que nao hesitava em ajudar os outros  e assim que professores do iq usp  instituto de quimica da universidade de sao paulo
124493634232128_1903367793011361,269,ataque com carro bomba mata   e fere   em regiao de embaixadas em cabul   noticias   internacional uma forte explosao atingiu nesta quarta feira   uma area de alta seguranca de cabul  capital do afeganistao  onde estao localizados o palacio presidenci
124493634232128_1903305369684270,138,ataque com carro bomba mata   e fere   em regiao de embaixadas em cabul   noticias   internacional uma forte explosao atingiu nesta quarta feira   uma area de alta seguranca de cabul  capital do afeganistao  onde estao localizados o palacio presidenci
124493634232128_1903158969698910,333,irmao de suzane richthofen e encontrado em estado de surto por pms e internado   noticias   cotidiano uma acao de rotina da policia militar de sao paulo nesta terca feira   identificou um jovem  ldquo em atitude suspeita rdquo  quando ele tentava pular o
124493634232128_1902739149740892,60,moradora e baleada na cabeca no alemao  perdeu a vida em lugar que destroca familias   noticias   cotidiano zona do medo  e assim que e chamado o local onde a auxiliar de servicos gerais marinete berto  de   anos  foi baleada na cabeca na favela nova brasilia  c
124493634232128_1902413519773455,1174,gravida morre indo a maternidade apos engavetamento na anhanguera  bebe nao resiste   noticias   cotidiano o que era para ser uma noite de felicidade terminou de forma tragica na regiao de ribeirao preto  no interior de sao paulo  uma sequencia de acidentes na r
124493634232128_1902278933120247,124,bote com migrantes pega fogo a caminho da europa   bbc   uol noticias um barco com   migrantes que tentavam chegar a europa pegou fogo no litoral da espanha
124493634232128_1900528016628672,128,surto de febre amarela pode ser  tiro de misericordia  para primatas ameacados de extincao  dizem especialistas   noticias   saude o maior surto de febre amarela silvestre ja enfrentado pelo brasil nao chegou ao coracao das grandes cidades  como muitos temiam  mas vem atingindo regioes
124493634232128_1900173473330793,20,no  o ano de seca  metade dos reservatorios do semiarido esta abaixo de     noticias   cotidiano entrando no setimo ano consecutivo de seca  o semiarido brasileiro esta com   do volume de agua  e o total nao seria capaz de encher o maior acude da reg
124493634232128_1899179566763517,588,chuvas alagam cidade historica de marechal deodoro   e deixam   familias desabrigadas   noticias   cotidiano o centro historico de marechal deodoro  na grande maceio    esta alagado e isolado por conta das fortes chuvas que caem ha uma semana no litoral alagoan
124493634232128_1898114683536672,52,sobe para   o numero de mortos em combates na capital da libia   noticias   uol noticias tripoli    mai    ao menos   pessoas morreram e cerca de   ficaram feridas  conforme o balanco oficial divulgado neste sabado  nos combates que
124493634232128_1897500936931380,366,maceio decreta calamidade publica apos chuvas deixarem   mortos   noticias   cotidiano a prefeitura de maceio decretou estado de calamidade publica neste sabado   por conta das fortes chuvas que caem desde o fim de semana passado em maceio
124493634232128_1897330693615071,85,egito eleva para   numero de mortos em atentado contra onibus   noticias   uol noticias cairo    mai    as autoridades egipcias elevaram para   o numero de pessoas mortas no atentado relizado ontem por dez homens mascarados contra um
124493634232128_1895843837097090,247,sobe para   o numero de mortos em ataque a onibus com cristaos no egito   noticias   uol noticias 
124493634232128_1895760407105433,741,rio  estudante vitima de bala perdida deixa filha de   meses e sonhava em ser engenheira   noticias   cotidiano isabel completa nesta sexta feira   nove meses de vida  a mae dela  que organizava uma festinha para celebrar a data  morreu dois dias antes  ndash viti
124493634232128_1890593887622085,1137,meninos refugiados apelam a prostituicao para sobreviver na grecia   der spiegel   uol noticias os refugiados na grecia enfrentam pessimas condicoes de vida  opcoes limitadas de moradia e periodos desastrosamente longos de espera para seus processos
124493634232128_1890435860971221,11,o que se sabe sobre o atentado apos o show de ariana grande em manchester   noticias   internacional um atentado deixou ao menos   mortos e mais de   feridos por volta das  h     quando uma bomb
124493634232128_1890415174306623,493,entre vitimas de ataque em show de ariana grande esta menina de   anos   bbc   uol noticias tres vitimas do ataque suicida no show da cantora ariana grande na noite de segunda feira na inglaterra foram identificadas
124493634232128_1890381860976621,44,fiquei   horas sem saber se minha filha estava viva  sobreviventes relatam terror em show   noticias   internacional foi um momento depois que a musica terminou  a estrela pop ariana grande tinha encerrado o bis de seu show  dangerous woman   mulher perigosa  e os gritos
124493634232128_1890264194321721,46,ariana grande suspende turne apos atentado em manchester  diz tmz   noticias   uol noticias los angeles    a cantora pop americana ariana grande suspendeu indefinidamente sua turne mundial apos o ataque terrorista cometido ontem
124493634232128_1890147777666696,26,a vitima identificada de ataque em manchester havia postado foto tirada com ariana grande em     bbc   uol noticias uma estudante de lancashire  na inglaterra  foi a primeira vitima a ser identificada do ataque em um ginasio de manchester  inglaterra  na noite de segunda
124493634232128_1890097167671757,60,imagens mostram momento da explosao em show de ariana grande em manchester   bbc   uol noticias videos feitos por pessoas que estavam no ginasio do show da cantora ariana grande em manchester registram o momento em que um homem bomba se explodiu do la
124493634232128_1890040241010783,37,o que se sabe ate agora sobre ataque que matou   em show de ariana grande em manchester   bbc   uol noticias a primeira ministra britanica  theresa may  disse na manha desta terca feira   que a explosao de um homem bomba na noite de segunda feira no show da can
124493634232128_1889857037695770,157,o que se sabe ate agora sobre ataque que matou   em show de ariana grande em manchester   bbc   uol noticias a primeira ministra britanica  theresa may  disse na manha desta terca feira   que a explosao de um homem bomba na noite de segunda feira no show da can
124493634232128_1889470021067805,15,may lamenta  terrivel ataque terrorista  em manchester   noticias   uol noticias sao paulo    mai     a primeira ministra do reino unido  theresa may  divulgou um comunicado lamentando o suposto atentado
124493634232128_1889397597741714,993,sobe para   numero de mortos em atentado na saida do show de ariana grande   noticias   internacional a policia de nbsp manchester confirmou nesta terca feira   que subiu para   o numero de pessoas mortas no atentado na manchester arena  no reino unido
124493634232128_1888673351147472,15,jovem cai de predio de tres andares no centro de sao paulo   agencia estado   uol noticias 
124493634232128_1884842981530509,41,atentados deixam mais de   mortos e   feridos no iraque   noticias   uol noticias bagda    mai    pelo menos   pessoas morreram na noite de sexta feira e outras   feridas em dois atentados suicidas ocorridos em bagda  capital
124493634232128_1880380968643377,86,cidade apagada  imagens aereas da nasa mostram impacto da guerra sobre luzes de aleppo   bbc   uol noticias seis anos de guerra na siria tiveram um efeito devastador para milhoes de pessoas que vivem no pais e para a infraestrutura local   inclusive a rede eletri
124493634232128_1879524548729019,160,eu perdoei  mas ele tem que pagar na justica  diz pai de garota assassinada   noticias   cotidiano eu sou capaz de olhar nos olhos dele e dizer   eu te perdoo  mas ele tem que pagar pelo que fez
124493634232128_1878634375484703,1310,india autoriza aborto para menina de   anos estuprada pelo padrasto   noticias   internacional a justica da india autorizou nesta terca feira   que medicos realizem um aborto numa menina de   anos de idade que foi estuprada repetidamente pelo pad
124493634232128_1878505352164272,2610,cao salva bebe que foi enterrado vivo na china   noticias   internacional um cachorro salvou um bebe recem nascido que foi enterrado vivo em uma area remota da china  segundo a imprensa local
124493634232128_1878456555502485,133,fiquei seis anos sem ver meu pai e o reencontrei  na cracolandia    bbc   uol noticias a produtora cultural mylena garbin  de   anos  peregrinou de bar em bar por muito tempo no centro de sao paulo  e nao foi para beber nem encontrar amigos
124493634232128_1877199582294849,116,quatro pessoas da mesma familia morrem em acidente em sc   noticias   cotidiano quatro pessoas da mesma familia morreram na noite de ultimo sabado em acidente de carro no quilometro   da rodovia sc   no municipio de itapoa  litor
124493634232128_1877052272309580,1958,cancer de pancreas  achado em rezende  e agressivo e de dificil deteccao   noticias   saude um dos grandes problemas relacionado ao cancer de pancreas e que ele e de dificil deteccao  isso porque o orgao esta  escondido  na cavidade mais profunda
124493634232128_1873752889306185,29,tesouros  brasil tem   ecossistemas diferentes em seu litoral sob ameaca   noticias   meio ambiente quem passeia pela praia  por rochas e desembocaduras de rios esta na verdade visitando diferentes habitats marinhos  sabe aquela praia que voce achava que
124493634232128_1872060696142071,59,em divida  hopi hari diz que fara pausa em atividades   noticias   cotidiano reclamando de  ataques raivosos  e de  infames reportagens  o hopi hari anunciou nesta sexta feira que pretende fechar as portas ao publico  em nota envia
124493634232128_1870517229629751,79,colisao entre moto e cavalo mata mulher na rodovia dos imigrantes   noticias   cotidiano uma motociclista morreu na noite da ultima terca feira ao se chocar com um cavalo que invadiu a pista norte da rodovia dos imigrantes  altura do quilometro
124493634232128_1870306379650836,160,o que e a bronquiolite  doenca que assusta pais e lota utis infantis no inverno   noticias   saude apenas   dias depois que sua filha laila nasceu  marina faleiros  de   anos  teve que voltar com ela ao hospital para interna la na uti por causa de uma
124493634232128_1870108459670628,344,gravida de   anos e assassinada e bebe e salvo na grande porto alegre   agencia estado   uol noticias 
124493634232128_1868532743161533,86,video mostra sofrimento causado por dor de cabeca suicida   noticias   saude imagine ter de bater a cabeca contra a parede para tentar aliviar uma cefaleia  de tao insuportavel a dor
124493634232128_1866659133348894,63,apos   anos  vitima de estupro coletivo em massacre vence batalha por justica   bbc   uol noticias a indiana bilkis bano passou   anos com medo  mudando constantemente de endereco e buscando justica para um crime atroz  ela foi vitima de um estupro cole
124493634232128_1866234043391403,152,corpo com maos amarradas e encontrado na cracolandia   agencia estado   uol noticias 
124493634232128_1861468187201322,6532,pelo menos   criancas morrem em acidente com onibus escolar na tanzania   noticias   internacional pelo menos   criancas morreram neste sabado   em um acidente com um onibus escolar no norte da tanzania  dois professores e o motorista do veiculo tambe
124493634232128_1860115057336635,392,cachorro reage a morte de dono e ataca pessoas que prestavam socorro   noticias   cotidiano um homem sofreu mal subito e morreu enquanto passeava com a esposa e o cachorro na rua joao oliveira  no bairro parque vitoria regia  em sorocaba  interior
124493634232128_1856454954369312,106,o choro do apresentador de tv americano jimmy kimmel pela doenca do filho recem nascido   noticias   saude nenhum pai deveria ter que decidir se consegue bancar o custo de salvar a vida de sua crianca
124493634232128_1853895034625304,429,brasileira morre durante voo para a tailandia   noticias   internacional o mre   a morte da brasileira regina dezani da costa    ela viajava do brasil para
124493634232128_1853859591295515,151,morre indonesio que dizia ter   anos   noticias   saude o indonesio que dizia ter   anos   o que faria dele o homem mais longevo do mundo   morreu em seu vilarejo em java central  de aco
124493634232128_1853425798005561,25,atirador mata um e fere sete durante festa de aniversario em condominio nos eua   noticias   internacional um homem armado abriu fogo durante uma festa de aniversario em um condominio residencial de san diego por volta das  h  no horario local nbsp h nbsp em
124493634232128_1852676624747145,90,incendio em hotel de sc mata tres pessoas e deixa seis feridas   agencia estado   uol noticias um incendio atingiu na madrugada deste domingo   nbsp um hotel no interior de santa catarina deixando tres mortos e seis pessoas feridas  o fogo teve in
124493634232128_1851242261557248,203,nao temos lugar aqui  a rotina de medo da minoria crista no egito   bbc   uol noticias no antigo mosteiro de sao menas  nas areias do deserto do egito  uma tumba de concreto guarda os restos mortais de cristaos massacrados por sua fe  nbsp
124493634232128_1851251944889613,12,as chances de sofrer um acidente aereo  e sobreviver a ele   bbc   uol noticias alem de comover  grandes tragedias na aviacao costumam alimentar outro sentimento nas pessoas  o receio de voar
124493634232128_1849309938417147,398,fui deixada numa ilha para morrer ao ficar gravida aos   anos    bbc   uol noticias em muitos lugares de uganda  pais no leste da africa  mulheres que nao eram casadas e ficavam gravidas eram abandonadas pela propria familia em uma ilha no
124493634232128_1847777615237046,27,mototaxista e morto durante operacao da pm contra traficantes no rio   agencia estado   uol noticias a policia militar do rio de janeiro e o gaeco   deflagraram
124493634232128_1846137418734399,396,fio de alta tensao rompe e mata tres irmaos durante temporal em sc   noticias   cotidiano um temporal que atingiu a costa de santa catarina no inicio da manha desta quarta feira provocou a morte de tres irmaos no municipio de itajai nbsp o garo
124493634232128_1845876745427133,126,apos   anos  policia britanica mantem busca por madeleine mccann   noticias   uol noticias a policia britanica continua  quase dez anos depois  atras de pistas que possam ajudar a encontrar madeleine mccann  a menina britanica desaparecida em   d
124493634232128_1843991802282294,49,bombardeio contra hospital e outras zonas da siria deixa pelo menos   mortos   noticias   uol noticias cairo    abr    pelo menos sete pessoas morreram nesta terca feira  apos um bombardeio contra um hospital e outras areas da localidade de kafr tej
124493634232128_1842886155726192,115,noivo e primos morrem em acidente na volta da despedida de solteiro no rj   noticias   cotidiano o que era para ser a despedida de solteiro acabou se tornando uma tragedia na madrugada de domingo  no rio nbsp quatro primos voltavam de uma festa na lap
124493634232128_1841719319176209,9,local de consolo apos   de setembro enfrenta futuro incerto   the new york times   uol noticias em meio a fumaca e mau cheiro que se seguiram aos ataques de   de setembro de   as equipes de emergencia arrancaram os bancos de uma pequena capela ca
124493634232128_1841236425891165,103,bombardeios da coalizao contra o ei mataram   pessoas na siria desde     noticias   uol noticias pelo menos   pessoas morreram na siria desde o inicio dos bombardeios da coligacao internacional contra o grupo terrorista estado islamico    em
124493634232128_1839208076094000,198,onu teme pela vida de milhares de civis evacuados a areas rebeldes da siria   noticias   uol noticias nacoes unidas    abr    a comissao da onu que investiga a guerra na siria alertou nesta sexta feira para o enorme risco que correm dezenas de milh
124493634232128_1838391976175610,57,caminhao derruba poste da luz e mata   pessoas em mercado na india   noticias   uol noticias nova delhi    abr    pelo menos   pessoas que estavam em um mercado de rua morreram nesta sexta feira e outras   ficaram feridas depois que um p
124493634232128_1834654533216021,63,explosao na cidade siria de alepo deixa pelo menos seis mortos e   feridos   noticias   uol noticias cairo    abr    pelo menos seis pessoas morreram e outras   ficaram feridas pela explosao nesta quarta feira de um artefato na cidade siria de al
124493634232128_1834630206551787,694,pai faz greve de fome e se acorrenta a predio por transplante para o filho   noticias   saude ha   dias  o carpinteiro jose gomes soares  de   anos  esta em greve de fome  sem tomar banho  acorrentado ao corrimao do predio da justica federal na av
124493634232128_1832854520062689,43,funcionaria e baleada em creche no rio enquanto segurava crianca no colo   noticias   cotidiano uma auxiliar de creche foi baleada na manha de segunda feira   dentro de uma escola municipal na comunidade do jacarezinho  na zona norte do rio de jane
124493634232128_1832594930088648,110,bombardeio mata idosa e   criancas da mesma familia na siria   noticias   uol noticias cairo    abr    uma idosa e nove criancas da mesma familia morreram nesta terca feira por bombardeios de avioes de guerra nao identificados em are
124493634232128_1831382906876517,121,queda de pequeno aviao em portugal deixa ao menos cinco mortos   noticias   uol noticias 
124493634232128_1830305903650884,13143,criancas sirias morrem em ataque apos terem sido atraidas por veiculo cheio de comida   bbc   uol noticias a evacuacao de milhares de sirios de quatro regioes ocupadas por rebeldes continua neste domingo  apesar do ataque que matou dezenas de pessoas no ultimo s
124493634232128_1830173566997451,5466,morrem outros tres bebes dos quintuplos nascidos em goiania   agencia estado   uol noticias 
124493634232128_1830123277002480,429,autoridades resgatam   imigrantes e encontram   corpos no mediterraneo   noticias   uol noticias roma    abr    outros   imigrantes foram resgatados neste domingo no mediterraneo central  onde tambem foram encontrados sete corpos de um nau
124493634232128_1828503020497839,1073,defesa civil siria resgata mais de   corpos apos explosao em aleppo   noticias   uol noticias cairo    abr    a defesa civil da siria informou ter resgatado mais de   corpos do local onde um carro bomba explodiu neste sabado nos arredores
124493634232128_1828398317174976,657,morre aos   anos a mulher mais velha do mundo   noticias   internacional a italiana emma morano  a ultima sobrevivente conhecida dos anos   e supostamente a mulher mais velha do mundo  morreu neste sabado   em sua casa em
124493634232128_1828198717194936,12,terapia de estimulacao nao chega a um terco dos bebes com microcefalia   agencia estado   uol noticias nascida em outubro de   no recife  giovanna foi uma das primeiras bebes vitimas do surto de microcefalia associado ao zika  hoje com   ano e   meses  e
124493634232128_1823054467709361,31,baixada fluminense enfrenta explosao de sifilis congenita   noticias   saude aos   anos  d  deu a luz seu terceiro filho  no final de marco  na maternidade municipal mariana bulhoes  em nova iguacu    pela terceira vez  ela fic
124493634232128_1822488197765988,2331,perdi mulher  meus bebes gemeos e   parentes  o drama de sobrevivente de  ataque quimico  na siria   bbc   uol noticias abdulhameed alyousef mora em khan sheikhoun  cidade no noroeste da siria dominada por rebeldes que foi alvo de um suposto ataque qui
124493634232128_1821487741199367,115,incendio destroi campo que abrigava   refugiados na franca e deixa feridos   noticias   uol noticias local  que abrigava   pessoas  e quase totalmente destruido pelas chamas  que teriam comecado durante briga entre afegaos e curdos  apos fechamento da
124493634232128_1819766984704776,115,quando o berco fica no meio da cela da mae   agencia estado   uol noticias a pequena lorena so existe ha um mes  mas ja mudou a vida da mae  a detenta camila fernanda de oliveira correia    uma das presas do pavilhao   da penite
124493634232128_1819800771368064,79,jovens refugiados recorrem a prostituicao na alemanha   noticias   uol noticias um estudo divulgado nesta segunda feira   pela emissora alema rbb  realizado junto a organizacoes humanitarias alemas  revela que cada vez jovens refugi
124493634232128_1819542648060543,9,com salarios atrasados e possibilidade de greve  uerj retoma aulas apos   meses de paralisacao   noticias   cotidiano a uerj   a retomada das aulas apos quase tres meses de paralisacao em razao da
124493634232128_1819942018020606,54,tiroteio em escola de san bernardino  nos eua  deixa tres mortos   noticias   internacional um tiroteio em uma escola de ensino fundamental na cidade de san bernardino  na california  deixou ao menos tres mortos e um ferido  segundo a policia afir
124493634232128_1819857991362342,956,varios feridos em tiroteio em escola nos estados unidos   noticias   uol noticias los angeles    um tiroteio em uma escola em san bernadino  cidade situada a cerca de   quilometros de los angeles  nos estados unid
124493634232128_1819412874740187,23,dois tercos da grande barreira de corais sofrem danos  sem precedentes    noticias   ciencia danos ambientais sem precedentes ja afetam dois tercos da grande barreira de corais  da australia  um dos ecossistemas mais ricos do planeta
124493634232128_1818522921495849,219,presidente do egito decreta estado de emergencia apos ataques a igrejas   noticias   uol noticias cairo    abr    o presidente do egito  abdul fatah al sisi  anunciou neste domingo o estabelecimento do estado de emergencia no pais  depois dos at
124493634232128_1818254688189339,48,paris  nice  bruxelas  londres  estocolmo  europa esta mais exposta ao terrorismo    bbc   uol noticias desde a decada passada  extremistas muculmanos decidiram concentrar suas atencoes na vulnerabilidade de civis em cidades europeias  algo reforcado por dive
124493634232128_1817914448223363,404,explosao de bomba em igreja no egito mata ao menos   pessoas   noticias   uol noticias pelo menos   pessoas morreram neste domingo   e outras   ficaram feridas pela explosao de uma bomba dentro de uma igreja copta na cidade de tanta  no e
124493634232128_1817904538224354,32,policia da suecia confirma nacionalidade dos mortos em atentado em estocolmo   noticias   uol noticias estocolmo    abr    a policia da suecia confirmou neste domingo que as quatro vitimas do atentado de sexta feira em estocolmo foram identificadas e
124493634232128_1816932581654883,752,menina encontrada em floresta indiana nao estava vivendo com macacos   bbc   uol noticias muitos na india e no mundo acompanharam o caso de uma menina no nbsp pais que  aparentemente  estava vivendo com um bando de macacos
124493634232128_1816865731661568,21,homicidios em florianopolis triplicam em   anos  autoridades culpam guerra de faccoes   noticias   cotidiano a guerra do trafico tem feito cada vez mais vitimas em florianopolis  e o que mostram os numeros divulgados pelo governo de santa catarina  entre   e
124493634232128_1816566558358152,73,hoje e um dia de dor  diz premie sueco em local do ataque em estocolmo   noticias   uol noticias estocolmo    abr    o primeiro ministro da suecia  stefan lofven  depositou flores neste sabado junto ao lugar onde ontem aconteceu um ataque terro
124493634232128_1815141425167332,15,venezuela confirma morte de jovem durante protestos contra maduro   noticias   internacional nbsp as autoridades da venezuela confirmaram que um jovem foi morto na quinta feira durante protestos contra o governo e prometeram investigar a morte  a
124493634232128_1814895625191912,379,morre romena que seria pedida em casamento no dia do atentado em londres   afp   uol noticias uma turista romena de   anos que ficou ferida no atentado de   de marco nas imediacoes do parlamento britanico faleceu nesta sexta feira    anunciou a
124493634232128_1812676148747193,84,mais de   pessoas seguem desaparecidas apos deslizamento na colombia   afp   uol noticias soldados  policiais e voluntarios aceleravam nesta quarta feira   os trabalhos de recuperacao de mocoa  cidade colombiana arrasada por um deslizamento qu
124493634232128_1812774745404000,869,autopsia confirma uso de armas quimicas em ataque na siria  afirma ministro turco   noticias   internacional autopsias nbsp realizadas nas vitimas do ataque que matou   pessoas  incluindo   criancas  na siria na ultima terca feira    na cidade de khan sheikhou
124493634232128_1811816925499782,22,as pessoas estao muito fechadas ao diferente  a dificil inclusao do autista na escola   noticias   saude julia tem   anos e fala pouco  como muitos adolescentes  segundo a familia  e assim desde crianca  tambem ainda nao pensa em enem  vestibular e cursinho
124493634232128_1811368582211283,73,minhas forcas desapareceram  testemunha relata momento de ataque quimico na siria   noticias   uol noticias o que mais me comoveu foi a visao dos feridos nas ruas e dos asfixiados em suas casas enquanto dormiam  disse nesta quarta feira a agencia efe osama al s
124493634232128_1810254588989349,13,estudante e baleada dentro de escola no interior da bahia   agencia estado   uol noticias 
124493634232128_1810277592320382,176,que ela seja a ultima vitima  diz pai de aluna da unicamp morta em limeira   agencia estado   uol noticias o metalurgico paulo domingos santos descreve como  tranquila  a rotina de sua filha sandy andrade santos  de   anos  restrita aos poucos quarteiroes em qu
124493634232128_1809985752349566,292,mae morre ao tentar salvar filhos de afundar em rio da australia   noticias   internacional o ciclone debbie  de categoria   em uma escala de   atingiu a australia na ultima semana com ventos de mais de   km h e ja havia causado duas mortes reg
124493634232128_1809504709064337,17,russia identifica suspeito de ataque em metro  numero de mortos sobe para     noticias   internacional o comite de investigacao da russia informou nesta terca feira que identificou o suspeito de ter sido o homem bomba que deixou pelo menos   mortos e   fer
124493634232128_1809497105731764,370,bombardeio quimico mata   pessoas na siria  diz ong  lista inclui   criancas   noticias   internacional pelo menos   pessoas   entre nbsp elas nbsp  criancas   morreram e   ficaram feridas nesta terca feira em um suposto bombardeio quimico na cidade de nb
124493634232128_1809418819072926,14,cidadao do quirguistao pode ser autor do atentado no metro da russia   noticias   uol noticias os servicos secretos do quirguistao informaram nesta terca feira que tudo aponta para que um cidadao do pais centro asiatico poderia ser o autor do atentad
124493634232128_1808528989161909,503,criancas orfas sao a parte mais dificil da tragedia  diz medico que atende sobreviventes na colombia   bbc   uol noticias o medico cristian andres gomez sabe o que e estar em meio a uma tragedia   temos trabalhado como em um hospital de guerra  diz ele
124493634232128_1808522069162601,49,idoso e morto por bala perdida durante operacao policial no rio   agencia estado   uol noticias 
124493634232128_1808556199159188,52,iml encerra nova necropsia em corpo de garoto que morreu em frente ao habib s   noticias   cotidiano apos pouco mais de cinco horas  foi encerrada a necropsia realizada pelo iml   no corpo de joao victor souza de carvalho    o garo
124493634232128_1808087242539417,43,atentado terrorista em metro deixa mortos em sao petersburgo  na russia   noticias   internacional um atentado a bomba atingiu o metro de sao petersburgo  na russia  nesta segunda feira    deixando pelo menos   mortos e mais de   feridos  segundo aut
124493634232128_1807454679269340,739,dezenas de criancas estao entre os mortos nos deslizamentos na colombia   noticias   internacional a colombia chorava neste domingo   os mais de   mortos por um deslizamento de terra em mocoa  enquanto os socorristas lutavam contra o tempo para busca
124493634232128_1806607932687348,341,deslizamentos de terra matam mais de   na colombia   noticias   internacional subiu para mais de   o numero de mortos em um deslizamento de terra no sul da colombia  que tambem deixou centenas de feridos e desaparecidos  informou n
124493634232128_1805416119473196,39,deslizamento de terra na colombia deixa ao menos   mortos   noticias   uol noticias bogota    abr    pelo menos   pessoas morreram apos um deslizamento de terra ocorrido na sexta feira em mocoa  capital do departamento de putumayo
124493634232128_1805381116143363,303,duda queria chegar a selecao de basquete  mas morreu por bala perdida no rio   noticias   cotidiano maria eduarda alves da conceicao    sonhava em ser jogadora de basquete  mas bebia agua em um bebedouro no intervalo de um treino no patio da sua escola
124493634232128_1804136752934466,247,levantamento revela que um pm comete suicidio a cada   dias em sp   noticias   cotidiano um levantamento feito pelo sbt com dados da corregedoria da policia militar de sao paulo  cobrados pela justica  revela que  nos nos ultimos cinco anos
124493634232128_1803976382950503,50,foi uma covardia tremenda  diz irmao de menina morta por bala perdida   agencia estado   uol noticias 
124493634232128_1801945923153549,439,eua    morrem em acidente com micro onibus de idosos que voltavam de retiro   noticias   uol noticias pelo menos   pessoas morreram e outras duas ficaram feridas em um acidente de transito ocorrido na tarde de quarta feira    entre um micro onibus e uma
124493634232128_1799886923359449,2269,caminhoneiro faz campanha de r    milhao para tratar perna  gigante    noticias   saude um milhao de reais  a quantia que costuma representar o sonho de vida de muitos e  para estevao ahnert  a grande esperanca de uma nova vida  a perna esquer
124493634232128_1797753170239491,13,ciclone forca milhares de pessoas a sair de casa no nordeste da australia   reuters   uol noticias milhares de australianos sairam de casa nesta segunda feira devido a chegada de um ciclone a cidades litoraneas de queensland  onde as autoridades pediram
124493634232128_1797433263604815,38,avalanche no japao atinge grupo de estudantes e mata     noticias   internacional ao menos oito pessoas que participavam de um programa de montanhismo morreram apos serem atingidos por uma avalanche nesta segunda feira   no japao  inf
124493634232128_1795286187152856,430,peru ja tem mais de   mil afetados por inundacoes  alem de   mortos   noticias   uol noticias lima    mar    o numero de mortos no peru pelas inundacoes subiu neste sabado para   enquanto   pessoas permanecem desaparecidas e o total de a
124493634232128_1794983500516458,29,ataque aereo perto de damasco mata   civis   afp   uol noticias beirute    mar     contra uma area controlad
124493634232128_1793287530686055,152,nao pegava nem gripe  diz jovem diagnosticada com cancer   noticias   saude aos   anos  o cotidiano do paulistano joao becheli comecava na praia  logo cedo  ele dedicava algumas horas ao surfe antes de partir para o trabalho como
124493634232128_1792457660769042,105,em   anos  cerrado pode ter maior extincao de plantas da historia   noticias   meio ambiente se o indice de desmatamento do cerrado brasileiro se mantiver como e hoje   cerca de   maior do que na amazonia   o mundo pode registrar a maior perda d
124493634232128_1792207484127393,20,morre no hospital quarta vitima do atentado de londres   noticias   uol noticias londres    mar    um homem de   anos que ficou ferido no atentado de ontem perto do parlamento do reino unido faleceu nesta quinta feira no hospi
124493634232128_1790325874315554,11,lideres mundiais lamentam e condenam ataque em londres   noticias   internacional o primeiro ministro italiano  paolo gentiloni  expressou suas condolencias ao povo britanico apos o ataque terrorista ocorrido nesta quarta feira   cont
124493634232128_1790299690984839,39,policia confirma   mortes e   feridos em atentado terrorista em londres   noticias   uol noticias londres    mar    o chefe do departamento antiterrorismo da scotland yard  mark rowley  confirmou nesta quarta feira que um terrorista matou tres
124493634232128_1786974934650648,1192,passageiros sobrevivem a acidente aereo no sudao do sul   noticias   internacional um nbsp aviao comercial que transportava cerca de   pessoas sofreu um acidente em um aeroporto do sudao do sul nesta segunda feira    todos a bordo sob
124493634232128_1783349831679825,567,rio confirma primeiras mortes de macacos por febre amarela   agencia estado   uol noticias 
124493634232128_1783362925011849,465,com moveis  sem espaco  nada de carne de boi  mae de   conta volta a pobreza   noticias   cotidiano rosangela de santana    esta envergonhada e contrariada com a vida  ela acabou de sair do banho e tem o cabelo negro  crespo e comprido ainda molhado  ti
124493634232128_1780947461920062,854,pitbull ataca e mata crianca de   anos no quintal de casa no es   agencia estado   uol noticias um menino de   anos foi atacado nbsp por um cao da raca pitbull enquanto brincava no quintal de sua casa em ponto belo  no extremo norte do espirito santo
124493634232128_1780281958653279,520,daria minha vida para amenizar a dor que meu neto vai ter no futuro  diz mae de eliza samudio   bbc   uol noticias sete anos se passaram  e sonia moura ainda busca o desfecho de uma historia cujos detalhes chocantes foram acompanhados de perto por todo o brasil
124493634232128_1779375945410547,102,colecionador sonha em restaurar seus carros que a guerra em aleppo destruiu   afp   uol noticias mohammad mohiedine anis olha com pena seu buick super   mutilado pelos intensos combates entre o exercito e os rebeldes sirios que devastaram aleppo dur
124493634232128_1779526518728823,1769,daria minha vida para amenizar a dor que meu neto vai ter no futuro  diz mae de eliza samudio   bbc   uol noticias sete anos se passaram  e sonia moura ainda busca o desfecho de uma historia cujos detalhes chocantes foram acompanhados de perto por todo o brasil
124493634232128_1777505465597595,24,as historias de vitorias e derrotas por tras da epidemia de heroina nos eua   bbc   uol noticias os estados unidos vivem  atualmente  uma epidemia de heroina
124493634232128_1777150042299804,627,mae de bebe de   meses esta entre vitimas de chacina em baile no rn   noticias   cotidiano mae de uma bebe de   meses  eriely amanda de sousa neves    e uma das cinco vitimas de uma chacina ocorrida na noite de sabado   em um baile funk nbsp
124493634232128_1776483385699803,1825,mae de bebe de   meses esta entre vitimas de chacina em baile no rn   noticias   cotidiano mae de uma bebe de   meses  eriely amanda de sousa neves    e uma das cinco vitimas de uma chacina ocorrida na noite de sabado   em um baile funk nbsp
124493634232128_1776436595704482,199,jovem morto em temporal de   km h no rs se casaria em abril   noticias   cotidiano o marceneiro claudemir gomes freitas    caminhava para o culto na igreja quando a tempestade chegou  no inicio da manha deste domingo  o vento forte de m
124493634232128_1776183839063091,434,numero de criancas mortas na siria atinge recorde em   diz onu   reuters   uol noticias o numero de criancas mortas na siria foi recorde no ano passado  sendo mais de um terco dentro ou perto de escolas  disse a agencia da onu para a infancia
124493634232128_1775172795830862,112,chacina em baile funk de mossoro   deixa   mortos   noticias   cotidiano uma chacina em um baile funk deixou cinco pessoas mortas em mossoro  no rio grande do norte  na noite desse sabado    o crime ocorreu no bairro boa vist
124493634232128_1774740565874085,131,deslizamento de lixo causa ao menos   mortes na etiopia   afp   uol noticias adis abeba    mar       pelo menos   pessoas morreram e dezenas ficaram feridas em um enorme deslizamento de lixo em um dos principais aterros san
124493634232128_1774353245912817,658,menino de quatro anos morre ao cair do  o andar de predio em praia grande     agencia estado   uol noticias o menino yuri martins arroio    morreu na madrugada deste sabado   ao cair do apartamento onde morava com o pai  o empresario wesley ignoti arroio  de
124493634232128_1773761049305370,2052,o que causa a pior crise humana registrada pela onu em mais de   anos   bbc   uol noticias o mundo vive atualmente a maior crise humana desde   segundo a organizacao das nacoes unidas    que lancou um apelo por ajuda para se evitar uma  c
124493634232128_1773152606032881,54,massacre em damasco    mortos  em sua maioria peregrinos xiitas iraquianos   afp   uol noticias damasco    mar       um duplo atentado na cidade velha de damasco fez neste sabado ao menos   mortos  em sua maioria peregrinos xiitas iraquianos
124493634232128_1772771439404331,2270,quase metade das familias nega a doacao de orgaos   agencia estado   uol noticias 
124493634232128_1769718166376325,17,escola federal de mg suspende aulas apos morte de micos em belo horizonte   noticias   saude belo horizonte   o campus   do centro federal de educacao tecnologica de minas gerais    na zona oeste de belo horizonte  foi fechado nesta quinta
124493634232128_1769093629772112,17,policia civil vai ouvir mae e avo de crianca baleada em favela de sao paulo   noticias   cotidiano a policia civil de sao paulo comeca a ouvir nesta sexta feira   familiares da pequena ana victoria rodrigues silva  de seis anos  que foi baleada no ult
124493634232128_1767388456609296,13,e possivel morrer de coracao partido    noticias   saude quando margaret williams morreu  no pais de gales  seu marido edmund escreveu um poema para o velorio  eles estavam casados ha   anos e  aos   ainda cam
124493634232128_1766282913386517,318,sofri cinco abortos apos ser agredida por meu marido enquanto ele dormia    noticias   saude a britanica lindsey roberts e o ministerio da defesa do reino unido estao em lados opostos de uma disputa judicial  ela diz ter sofr
124493634232128_1765830370098438,124,as gemeas de   anos que morreram de frio na porta de casa   bbc   uol noticias as gemeas martha young williams e jean young haley  de   anos  vieram ao mundo juntas e viviam juntas na cidade de barrington  no
124493634232128_1764663440215131,614,na tailandia  veterinarios removem   moedas de estomago de tartaruga marinha   noticias   meio ambiente jogar moedas em fontes para ter sorte e uma supersticao popular  mas que quase custou a vida de uma tartaruga marinha na tailandia  que teve   moedas rem
124493634232128_1764648996883242,205,cunhado  admite assassinato  e misterio sobre familia desaparecida e desvendado   bbc   uol noticias um parente da familia francesa de quatro pessoas que desapareceu misteriosamente em meados de fevereiro admitiu te las matado  segundo relatou a midia do p
124493634232128_1763583396989802,81,caminhao bate em ponto de onibus  mata   e fere   em nova iguacu   agencia estado   uol noticias tres pessoas morreram e duas ficaram feridas quando um caminhao desgovernado invadiu um ponto de onibus em nova iguacu  na baixada fluminense  por volta da
124493634232128_1763537056994436,236,mais uma vitima da violencia no rio  diz pai de jovem morto em ipanema   noticias   cotidiano eduardo da silva gomes  pai do jovem morto apos tomar uma facada em ipanema na noite de sabado    depois de reconhecer
124493634232128_1763380710343404,240,jovem de   anos morre esfaqueado em ipanema apos tentativa de assalto   noticias   cotidiano o estudante daniel barbosa da silva gomes    morreu na noite de sabado   apos levar uma facada nas costas enquanto passeava na orla de ipanema  na zona
124493634232128_1763043943710414,111,nao saio de casa desde o ano passado  o drama dos que sofrem de transtorno de ansiedade   noticias   saude tenho ataques de vertigem  e isso gera agorafobia   e minha ansiedade  basicamente  eu fico em casa
124493634232128_1762152093799599,90,escritora que esta morrendo de cancer faz perfil de namoro para marido  espero que outra historia de amor comece   bbc   uol noticias uma escritora que esta morrendo de cancer de ovario escreveu um perfil de namoro para seu marido  para que ele possa encontrar  outra historia de amor
124493634232128_1761871163827692,9,explosao em fabrica de fogos de artificio deixa   mortos no mexico   noticias   uol noticias pelo menos tres pessoas morreram e nove ficaram feridas apos uma explosao em uma suposta fabrica de pirotecnia no municipio de tultepec  no estado do mexic
124493634232128_1760087987339343,134,onde se escondem as   oncas pintadas que sobraram na mata atlantica    noticias   meio ambiente restam apenas cerca de   oncas pintadas   na mata atlantica  e muito  muito pouco  sao inumeras as razoes para o desaparecimento iminente d
124493634232128_1760395823975226,418,pais lutam na justica para manter vivo bebe de seis meses com doenca incuravel   noticias   saude os pais de um bebe de seis meses que sofre de uma doenca incuravel estao brigando com os medicos na justica para que ele seja mantido vivo
124493634232128_1760086660672809,324,onde se escondem as   oncas pintadas que sobraram na mata atlantica    noticias   meio ambiente restam apenas cerca de   oncas pintadas   na mata atlantica  e muito  muito pouco  sao inumeras as razoes para o desaparecimento iminente d
124493634232128_1759137737434368,389,laudo confirma que jovem de sp morreu por afogamento durante carnaval no rio   agencia estado   uol noticias 
124493634232128_1758149124199896,43,policia investiga causa da morte de jovem paulista no carnaval do rio   agencia estado   uol noticias o universitario paulista ruan kaike dos santos    morreu no rio de janeiro  nesta terca feira de carnaval    apos ter sido encontrado desacordado no u
124493634232128_1757744757573666,2128,nao peguei nem cartao do bolsa familia  diz mulher que perdeu tudo em incendio   noticias   cotidiano alguns dos moradores da favela de paraisopolis  uma das maiores do brasil  que tiveram os barracos atingidos por um incendio na tarde desta quarta feira
124493634232128_1757534410928034,56,operario brasileiro morre soterrado em obra em washington   agencia estado   uol noticias o acidente ocorreu por volta das   horas da manha desta terca  quando o piso da construcao em que trabalhava cedeu  representante do corpo de bombeiros  j
124493634232128_1757373210944154,116,policia investiga causa da morte de jovem paulista no carnaval do rio   agencia estado   uol noticias o universitario paulista ruan kaike dos santos    morreu no rio de janeiro  nesta terca feira de carnaval    apos ter sido encontrado desacordado no u
124493634232128_1757276277620514,47,incendio atinge cerca de   barracos em paraisopolis   noticias   cotidiano cerca de   barracos foram atingidos pelo incendio nbsp de grandes proporcoes em paraisopolis  na zona sul de sao paulo  na nbsp tarde desta quarta feira
124493634232128_1755466621134813,39,queda de aviao de pequeno porte mata   no sul da california   noticias   uol noticias tres pessoas morreram e duas ficaram feridas na segunda feira    apos um aviao de pequeno porte cair em uma area residencial
124493634232128_1753053161376159,24,tentativa de atentado suicida na argelia deixa um morto e tres feridos   noticias   uol noticias argel    fev    pelo menos tres policiais argelinos ficaram feridos neste domingo em uma tentativa de atentado suicida em uma delegacia na provinc
124493634232128_1751801691501306,13,morre um dos pedestres atropelados na alemanha   noticias   uol noticias berlim    fev    um dos tres pedestres atropelados neste sabado por um carro que invadiu uma calcada em heidelberg  no oeste da alemanha  morreu e
124493634232128_1751332921548183,89,reporter curda morre apos explosao de bomba em mossul   noticias   uol noticias mossul    uma reporter da emissora curda  rudaw  morreu neste sabado em mossul  no norte do iraque  apos a explosao de uma bomba e
124493634232128_1749608151720660,19,analise de expressao corporal ajuda em diagnostico de depressao   noticias   saude a depressao sera  na decada de   a doenca com nbsp maior prevalencia no mundo  segundo projecao da oms    o transtorno ja
124493634232128_1748158291865646,14,mulheres com endometriose tem mais que o dobro de problemas sexuais   noticias   saude mulheres com endometriose tem mais que o dobro de problemas sexuais em relacao a mulheres sem a doenca  de acordo com pesquisa da ginecologista flavia fair
124493634232128_1747852148562927,35,mulheres com endometriose tem mais que o dobro de problemas sexuais   noticias   saude mulheres com endometriose tem mais que o dobro de problemas sexuais em relacao a mulheres sem a doenca  de acordo com pesquisa da ginecologista flavia fair
124493634232128_1746883431993132,997,policia de goias localiza corpo de menina de   anos que estava desaparecida   agencia estado   uol noticias equipes das policias civil e militar e do corpo de bombeiros de goias localizaram na manha desta quarta feira   o corpo da menina ana clara pires camarg
124493634232128_1744638382217637,1746,sertao nordestino enfrenta sua pior seca em um seculo   afp   uol noticias o cranio de uma vaca jaz exposto sob o sol escaldante do sertao  ao seu lado  um bezerro se decompoe encostado em um arbusto ressecado  e a imagem da desol
124493634232128_1744305915584217,116,rio de janeiro tem ao menos   pessoas baleadas por dia na cidade   noticias   cotidiano fernanda adriana caparica pinheiro    brincava com uma amiga no terraco de sua casa  na favela parque uniao  parte do complexo da mare  na zona norte do r
124493634232128_1742439209104221,121,morre nos eua tom regan  teorico dos direitos dos animais   afp   uol noticias washington    fev       o filosofo americano tom regan  autor de uma obra fundamental de defesa dos direitos dos animais  morreu aos   anos em seu
124493634232128_1741997689148373,960,nordeste corre contra o tempo para salvar cidades assoladas pela seca   reuters   uol noticias carcacas de vacas jazem em campos chamuscados nos arredores da cidade de campina grande  na paraiba  e cabras famintas procuram comida no chao de terra rac
124493634232128_1741951359153006,40,tempestade de neve mata   pessoas no norte do afeganistao   noticias   uol noticias pelo menos   pessoas morreram  assim como   cabecas de gado  como consequencia da tempestade de neve que castiga as provincias de faryab e badakhshan
124493634232128_1740511845963624,83,quase   milhao de civis estao em perigo no oeste de mossul  diz onu   noticias   uol noticias bagda    fev    as nacoes unidas advertiram neste sabado que ate   mil pessoas podem estar em  risco extremo  no iraque perante o iminente inici
124493634232128_1740410472640428,240,quase   milhao de civis estao em perigo no oeste de mossul  diz onu   noticias   uol noticias bagda    fev    as nacoes unidas advertiram neste sabado que ate   mil pessoas podem estar em  risco extremo  no iraque perante o iminente inici
124493634232128_1740077472673728,104,acidente de onibus na argentina deixa pelo menos   mortos   noticias   uol noticias buenos aires    fev    pelo menos   pessoas morreram e varias ficaram feridas em um acidente de um onibus que circulava por uma estrada da provin
124493634232128_1738305376184271,1402,pai  mae e filha sao assassinados na regiao metropolitana do rio   agencia estado   uol noticias uma familia  pai  mae e filha de nove anos  foi assassinada em sao goncalo  regiao metropolitana do rio de janeiro  na madrugada desta sexta feira
124493634232128_1738109366203872,565,tira minha vida  mas devolve ela  diz mae de menina de   anos morta na mare   noticias   cotidiano horas antes do sepultamento da filha  previsto para acontecer no inicio da tarde desta sexta feira    a mae da menina fernanda adriana caparica pinheiro
124493634232128_1737459169602225,59,minha mao congelou  por que cada vez mais imigrantes ilegais se arriscam cruzando a fronteira dos eua ao canada   bbc   uol noticias cada vez mais imigrantes ilegais estao cruzando a fronteira entre os estados unidos e o canada em busca de asilo
124493634232128_1736592313022244,17,atentado do ei com carro bomba deixa ao menos   mortos em bagda   noticias   internacional pelo menos   pessoas morreram nesta quinta feira   e outras   ficaram feridas apos explosao de um carro bomba no sudoeste da capital do iraque  bagda
124493634232128_1736759286338880,82,frio extremo dizima gado dos nomades na mongolia   afp   uol noticias pequim    fev       um fenomeno climatico excepcional  caracterizado por um inverno extremamente rigoroso  provocou neste ano a morte de mais de
124493634232128_1736407813040694,106,mae luta na justica para obrigar filho a fazer tratamento que pode evitar morte   noticias   saude ldquo e egoismo uma mae querer que o filho nao desista de viver  acho que nao  eu faria isso por qualquer pessoa  mesmo que nao fosse meu filho rdquo  as
124493634232128_1736397813041694,58,acidente entre dois onibus deixa ao menos   mortos no interior de sao paulo   noticias   cotidiano uma colisao frontal entre dois onibus deixou ao menos   vitimas fatais na rodovia general euclides de oliveira figueiredo    no municipio de mirante
124493634232128_1733349180013224,49,seca ameaca paisagem que serviu de inspiracao para grande sertao  veredas   noticias   meio ambiente ai mire e veja  as veredas mortas  ali eu tive limite certo
124493634232128_1732340116780797,698,a foto do casal que morreu de cancer com dias de diferenca e gerou mais de meio milhao de reais em doacoes aos filhos   noticias   saude uma campanha para ajudar os filhos de um casal que morreu de cancer arrecadou mais de r    mil em questao de poucos dias
124493634232128_1729760583705417,39,em   dias  mortes no es superam o total de fevereiro de     agencia estado   uol noticias apos sete dias de motim de policiais militares  o numero de mortes violentas no espirito santo subiu para     ontem  segundo o sindicato de policiais c
124493634232128_1729571253724350,91,terremoto no sul das filipinas deixa   mortos e   feridos   noticias   uol noticias 
124493634232128_1728301720517970,332,voluntarios tentam salvar baleias apos   encalharem misteriosamente em praia da nova zelandia   bbc   uol noticias voluntarios correm contra o tempo para resgatar baleias piloto que sobreviveram a um encalhe em massa na praia de farewell spit  em south island  na nova z
124493634232128_1727625077252301,3262,em missa de  o dia  lula diz que marisa deixou dignidade e solidariedade   agencia estado   uol noticias o ex presidente luiz inacio lula da silva recebeu nesta noite   amigos  parentes e liderancas politicas do pt e de partidos de oposicao na missa de setim
124493634232128_1727058093975666,31,numero de mortes na grande vitoria passa de   afirma sindicato de policiais   agencia estado   uol noticias a estatistica deixou de ser atualizada  mas ja temos informacoes de que o numero de mortes passou de   isso e fato  afirmou leal   as mortes nao deixa
124493634232128_1726859850662157,771,morre  aos   anos  em minas  florival rocha  pai da ministra carmen lucia   agencia estado   uol noticias a cidade fica no norte de minas  a   quilometros de belo horizonte  a ministra havia visitado o pai no ultimo final de semana  na ocasiao ela usou aviao
124493634232128_1725151007499708,305,com greve de pm  policial civil tenta evitar assalto e morre no interior do es   noticias   cotidiano com ausencia de pm nas ruas  um policial civil tentou evitar um roubo de motocicleta e morreu durante troca de tiros nesta terca feira   em colatina  no
124493634232128_1722062174475258,44,incendio atinge sala de opera recem inaugurada no kuait   noticias   uol noticias um incendio de grandes proporcoes atingiu nesta segunda feira a sala de opera do centro cultural xeque jaber al ahmed  no kuait  um luxuoso complexo arquit
124493634232128_1721896864491789,2260,centenas de criancas refugiadas seguem viajando sozinhas pela rota dos balcas   noticias   uol noticias vesna bernardic
124493634232128_1719888258025983,1009,marisa morreu triste  diz lula no velorio da ex primeira dama   noticias   politica um ato ecumenico e um discurso de forte apelo politico contra as reformas propostas pelo governo de michel temer   e em defesa de marisa leticia marca
124493634232128_1719894008025408,663,corpo de marisa leticia e cremado em sao bernardo  em cerimonia reservada   noticias   politica o corpo da ex primeira dama marisa leticia foi cremado por volta das  h  deste sabado   no cemiterio jardim da colina  em sao bernardo do campo  grande
124493634232128_1719464551401687,88,lula recebe condolencias pela morte de marisa leticia   noticias   politica uma cerimonia aberta ao publico e uma serie de abracos de condolencias no ex presidente luiz inacio lula da silva marcaram  neste sabado    o velorio da
124493634232128_1719326721415470,161,corpo de marisa leticia e velado em sao bernardo do campo   noticias   politica o corpo da ex primeira dama marisa leticia chegou as  h na sede do sindicato dos metalurgicos do abc  em sao bernardo do campo  na grande sao paulo
124493634232128_1718732088141600,214,ex primeira dama marisa leticia lula da silva morre aos   anos em sp   noticias   politica a ex primeira dama marisa leticia lula da silva    teve morte confirmada na noite desta sexta feira    apos realizarem exames protocolares pela manha
124493634232128_1718573204824155,1189,ex primeira dama marisa leticia lula da silva morre aos   anos em sp   noticias   politica a ex primeira dama marisa leticia lula da silva    teve morte confirmada na noite desta sexta feira    apos realizarem exames protocolares pela manha
124493634232128_1718462958168513,3750,abatido  lula alterna entre choro  serenidade e visitas a uti de marisa   noticias   politica com o rosto claramente abatido e oscilando entre momentos de serenidade e choro  o ex presidente luiz inacio lula da silva segue acompanhando a esposa mari
124493634232128_1718003808214428,51,socialite heloisa faissol e encontrada morta dentro de apartamento no rio   agencia estado   uol noticias heloisa faissol integrou o elenco da setima edicao do reality show  a fazenda  exibido pela rede record no ano de
124493634232128_1717810874900388,12,desabamento de edificio na china deixa   mortos e   ferido   noticias   uol noticias uma pessoa foi resgatada  outras cinco foram encontradas mortas e tres estao desaparecidas apos o desabamento de um edificio residencial  na quinta feira
124493634232128_1716754475006028,216,velorio de marisa leticia sera no sindicato dos metalurgicos do abc   noticias   politica o velorio da ex primeira dama marisa leticia lula da silva  mulher do ex presidente luiz inacio lula da silva  acontecera no sindicato dos metalurgicos do
124493634232128_1717023798312429,582,fhc visita lula no sirio para expressar condolencias por marisa leticia   noticias   politica o ex presidente fernando henrique cardoso visitou o ex presidente luiz inacio lula da silva na tarde desta quinta feira   no hospital sirio libanes  na r
124493634232128_1716649078349901,715,lula agradece carinho e solidariedade a marisa e autoriza doacao de orgaos   noticias   politica em nota publicada na manha desta quinta feira    o ex presidente luiz inacio lula da silva agradeceu  em nome da familia   todas as manifestacoes de cari
124493634232128_1716589135022562,2894,lula agradece carinho e solidariedade a marisa e autoriza doacao de orgaos   noticias   politica em nota publicada na manha desta quinta feira    o ex presidente luiz inacio lula da silva agradeceu  em nome da familia   todas as manifestacoes de cari
124493634232128_1716528068362002,9524,marisa leticia tem morte cerebral  e familia autoriza doacao de orgaos   noticias   politica a ex primeira dama e mulher do ex presidente luiz inacio lula da silva  marisa leticia lula da silva    teve morte cerebral nesta quinta feira   em raz
124493634232128_1716491415032334,463,lula e familia passam noite no hospital onde marisa leticia esta internada   noticias   politica o ex presidente luiz inacio lula da silva e alguns familiares passaram a noite no hospital sirio libanes acompanhando o quadro de saude de dona marisa leti
124493634232128_1716040448410764,3265,estado de marisa leticia e  irreversivel  diz medico   agencia estado   uol noticias o estado de saude da ex primeira dama marisa leticia lula da silva piorou ao longo desta quarta feira   e  segundo o cardiologista nbsp roberto kalil fil
124493634232128_1715097178505091,152,menina pode ser a primeira pessoa do sexo feminino com  doenca do homem arvore    noticias   saude quando uma verruga parecida com uma casca apareceu no rosto de sahana khatun  de dez anos  ha quatro meses  o pai da menina nao se preocupou muito
124493634232128_1714887015192774,720,menina pode ser a primeira pessoa do sexo feminino com  doenca do homem arvore    noticias   saude quando uma verruga parecida com uma casca apareceu no rosto de sahana khatun  de dez anos  ha quatro meses  o pai da menina nao se preocupou muito
124493634232128_1714697438545065,568,trombose agrava situacao de marisa leticia  afirma especialista   noticias   politica a descoberta de uma trombose nas pernas da ex primeira dama marisa leticia  mulher do ex presidente luiz inacio lula da silva    agrava o quadro medico
124493634232128_1714010978613711,1286,trombose agrava situacao de marisa leticia  afirma especialista   noticias   politica a descoberta de uma trombose nas pernas da ex primeira dama marisa leticia  mulher do ex presidente luiz inacio lula da silva    agrava o quadro medico
124493634232128_1713423435339132,254,filho de teori publica video com despedida antes da viagem do ministro   noticias   politica o filho do ministro do stf   teori zavascki  francisco zavascki  publicou em seu perfil do facebook um video no qual aparece se de
124493634232128_1713388828675926,286,apos uma semana de internacao  estado de marisa leticia ainda e grave   noticias   politica o quadro de saude de dona marisa leticia  mulher do ex presidente luiz inacio lula da silva  permanece estavel e ela continua em coma induzido  segundo bol
124493634232128_1711605072187635,229,masaya nakamura  pai do pac man  morre aos   anos   afp   uol noticias toquio    jan       masaya nakamura  o pioneiro do videogame japones conhecido como  o pai do pac man  morreu aos   anos  informou sua companhia
124493634232128_1711194342228708,556,ataque a mesquita deixa seis mortos no canada   noticias   internacional seis pessoas morreram e ao menos oito ficaram feridas no ataque a uma mesquita do nbsp quebec  no canada  na noite deste domingo    ja na madrugada de s
124493634232128_1710785558936253,1682,inventor do requeijao em copo morre em minas gerais   agencia estado   uol noticias o inventor de um dos produtos alimenticios mais tradicionais do brasil morreu neste domingo    aos   anos  como presidente da laticinios pocos de caldas
124493634232128_1707356469279162,60,polonia lembra  o aniversario da libertacao de auschwitz   noticias   uol noticias varsovia    jan    a primeira ministra da polonia  beata szydlo  preside nesta sexta feira os atos comemorativos do  o aniversario da libertacao
124493634232128_1707147282633414,16,aos seis anos  meninas sao menos propensas a acreditar que sao  brilhantes    noticias   ciencia um estudo sobre estereotipos de genero publicado nesta quinta feira revelou que aos seis anos de idade as meninas sao menos propensas a acreditar que elas
124493634232128_1707118515969624,698,comi cascas de batata do lixo e me cobri com cadaveres para nao morrer  diz sobrevivente do holocausto   bbc   uol noticias o uruguaio francisco balkanyi  de   anos  dos quais   vividos em sao paulo  leva no corpo a marca de uma maiores tragedias da humanidade
124493634232128_1706490566032419,86,incendios deixam   mortos e povoados arrasados no chile   afp   uol noticias um bombeiro morreu nesta quinta feira   devido aos incendios violentos que avancam pelo centro e sul do chile  elevando para   o numero de falecidos na
124493634232128_1705839416097534,439,ex primeira dama marisa leticia continua em coma induzido   noticias   politica a ex primeira dama marisa leticia  mulher do ex presidente luiz inacio lula da silva  permanece sedada e com a pressao intracraniana nbsp controlada  de ac
124493634232128_1705661089448700,660,frio extremo e nevascas causam a morte de   criancas no afeganistao   afp   uol noticias as intensas nevascas acompanhadas de frio extremo causaram a morte de   criancas afegas em um remoto distrito do norte do afeganistao  informaram fontes o
124493634232128_1704678519546957,651,pai de menino joaquim gastou r    para achar padrasto   noticias   cotidiano quatro meses depois de o homem que matou seu filho tornar se foragido  arthur paes  pai do menino joaquim    morto em   em ribeirao preto    resolve
124493634232128_1704354252912717,134,vitimas da avalanche do hotel morreram por esmagamento  asfixia e hipotermia   noticias   uol noticias 
